WKT,Name,OBJECTID,UKATEGORIE,UTYP1,UART,UMONAT,USTUNDE,UWOCHENTAG,STRZUSTAND,ULICHTVERH,ISTRAD,ISTPKW,ISTFUSS,ISTKRAD
"POINT (9.838426209000030 52.387467865000097)",Unfall 10945 (2022) Kat:2, Licht: 0,10945,2,4,2,03,12,3,,0,0,1,1,0
"POINT (9.746629373000079 52.365097265000003)",Unfall 10949 (2022) Kat:3, Licht: 2,10949,3,1,0,03,23,4,,2,0,0,0,0
"POINT (9.837313614000040 52.396992668000102)",Unfall 10952 (2022) Kat:3, Licht: 0,10952,3,2,5,03,14,4,,0,0,1,0,1
"POINT (9.738795526000050 52.463398230999999)",Unfall 10959 (2022) Kat:3, Licht: 2,10959,3,5,1,02,19,2,,2,0,1,0,0
"POINT (9.456139636000049 52.426320702000098)",Unfall 10969 (2022) Kat:3, Licht: 2,10969,3,6,2,02,05,2,,2,0,1,0,0
"POINT (9.837409780000030 52.490229876000100)",Unfall 10971 (2022) Kat:3, Licht: 2,10971,3,1,0,03,23,6,,2,1,0,0,0
"POINT (9.650475017000080 52.411291479000099)",Unfall 10979 (2022) Kat:3, Licht: 0,10979,3,6,2,03,12,4,,0,0,1,0,0
"POINT (9.669035521000071 52.358137761000101)",Unfall 10986 (2022) Kat:2, Licht: 2,10986,2,3,5,03,00,4,,2,1,1,0,0
"POINT (9.627689914000030 52.394389936000003)",Unfall 10994 (2022) Kat:3, Licht: 2,10994,3,3,5,02,19,6,,2,0,1,0,0
"POINT (9.646159837000029 52.403764105000100)",Unfall 10999 (2022) Kat:3, Licht: 0,10999,3,6,2,02,12,5,,0,0,1,0,0
"POINT (9.356781588000050 52.447444193000102)",Unfall 11005 (2022) Kat:3, Licht: 0,11005,3,3,5,02,11,2,,0,0,1,0,0
"POINT (9.750847969000059 52.369364494000102)",Unfall 11013 (2022) Kat:3, Licht: 0,11013,3,3,5,02,12,6,,0,1,1,0,0
"POINT (9.459760015000031 52.305507564000003)",Unfall 11030 (2022) Kat:3, Licht: 0,11030,3,3,5,05,14,2,,0,0,1,0,0
"POINT (9.722155081000039 52.450768718000099)",Unfall 11033 (2022) Kat:3, Licht: 1,11033,3,1,8,04,07,6,,1,0,0,0,0
"POINT (9.837149732000061 52.276887516000002)",Unfall 11037 (2022) Kat:3, Licht: 0,11037,3,3,0,04,12,5,,0,1,1,0,0
"POINT (9.779514062000031 52.327501396999999)",Unfall 11043 (2022) Kat:3, Licht: 0,11043,3,2,2,03,18,4,,0,0,1,0,1
"POINT (9.762214587000070 52.345460887999998)",Unfall 11056 (2022) Kat:3, Licht: 0,11056,3,5,1,05,13,2,,0,0,1,0,0
"POINT (9.477272776000060 52.387335401000001)",Unfall 11065 (2022) Kat:3, Licht: 0,11065,3,2,4,04,16,7,,0,0,1,0,0
"POINT (9.801094199000030 52.429464050000000)",Unfall 11069 (2022) Kat:3, Licht: 0,11069,3,2,5,05,09,6,,0,1,1,0,0
"POINT (9.719327429000030 52.392692243000099)",Unfall 11072 (2022) Kat:3, Licht: 2,11072,3,1,0,04,04,1,,2,0,0,0,0
"POINT (9.736325329000071 52.427360775000103)",Unfall 11080 (2022) Kat:3, Licht: 0,11080,3,1,8,04,07,1,,0,0,1,0,0
"POINT (9.734039375000069 52.412556161000097)",Unfall 11099 (2022) Kat:3, Licht: 2,11099,3,6,2,04,22,2,,2,0,1,0,0
"POINT (9.828002269000020 52.458306561000001)",Unfall 11104 (2022) Kat:3, Licht: 0,11104,3,3,5,03,10,5,,0,0,1,0,0
"POINT (9.731634344000041 52.545441718000099)",Unfall 11106 (2022) Kat:3, Licht: 0,11106,3,4,6,03,10,7,,0,0,1,1,0
"POINT (9.736198389000039 52.399229385000098)",Unfall 11107 (2022) Kat:2, Licht: 0,11107,2,2,6,05,14,7,,0,0,1,1,0
"POINT (9.745974477000059 52.369069750000101)",Unfall 11115 (2022) Kat:3, Licht: 0,11115,3,7,1,04,17,3,,0,1,1,0,0
"POINT (9.785327386000059 52.386758813000000)",Unfall 11117 (2022) Kat:3, Licht: 0,11117,3,6,2,04,15,6,,0,0,1,0,0
"POINT (9.622372244000079 52.426199068000102)",Unfall 11130 (2022) Kat:3, Licht: 0,11130,3,3,5,05,09,6,,0,1,0,0,0
"POINT (9.733892757000040 52.438529561000102)",Unfall 11140 (2022) Kat:3, Licht: 0,11140,3,2,2,04,08,5,,0,0,1,0,0
"POINT (9.800717889000049 52.396483060999998)",Unfall 11150 (2022) Kat:3, Licht: 0,11150,3,6,3,03,15,6,,0,0,1,0,0
"POINT (9.743289999000069 52.368193609000102)",Unfall 11158 (2022) Kat:3, Licht: 0,11158,3,2,5,05,13,2,,0,1,0,0,0
"POINT (9.856505176000040 52.531337290000103)",Unfall 11159 (2022) Kat:3, Licht: 2,11159,3,1,0,05,22,6,,2,1,0,0,0
"POINT (9.905127824000029 52.283859491000001)",Unfall 11161 (2022) Kat:3, Licht: 0,11161,3,6,2,03,11,2,,0,0,1,0,0
"POINT (9.751152743000031 52.359283484000102)",Unfall 11182 (2022) Kat:2, Licht: 0,11182,2,2,5,05,12,1,,0,0,1,0,1
"POINT (9.420038243000020 52.425177414000103)",Unfall 11184 (2022) Kat:3, Licht: 0,11184,3,3,5,05,18,3,,0,1,1,0,0
"POINT (10.044010463000101 52.307261402999998)",Unfall 11196 (2022) Kat:3, Licht: 0,11196,3,3,5,05,17,4,,0,1,1,0,0
"POINT (9.791973697000060 52.352374302999998)",Unfall 11198 (2022) Kat:3, Licht: 0,11198,3,1,8,04,16,7,,0,0,1,0,0
"POINT (9.732301556000040 52.383370151000101)",Unfall 11205 (2022) Kat:3, Licht: 0,11205,3,2,0,05,20,4,,0,1,1,0,0
"POINT (9.728448432000050 52.368009432000100)",Unfall 11209 (2022) Kat:3, Licht: 0,11209,3,3,0,03,11,4,,0,1,1,0,0
"POINT (9.798119033000029 52.418820988999997)",Unfall 11212 (2022) Kat:3, Licht: 0,11212,3,6,4,05,06,5,,0,0,1,0,0
"POINT (9.617073786000050 52.429351378000000)",Unfall 11217 (2022) Kat:3, Licht: 0,11217,3,6,2,04,07,4,,0,0,1,0,0
"POINT (10.115319450000101 52.355935858000102)",Unfall 11224 (2022) Kat:3, Licht: 0,11224,3,3,5,04,15,6,,0,0,1,0,0
"POINT (9.853599629000030 52.409363122999999)",Unfall 11227 (2022) Kat:3, Licht: 1,11227,3,1,8,04,19,7,,1,0,1,0,0
"POINT (9.721510809000049 52.361510965000001)",Unfall 11229 (2022) Kat:3, Licht: 0,11229,3,7,0,05,08,4,,0,1,0,0,0
"POINT (9.566220039000029 52.440884558000100)",Unfall 11242 (2022) Kat:3, Licht: 0,11242,3,3,5,04,18,5,,0,1,1,0,0
"POINT (9.629863813000039 52.484972515000003)",Unfall 11248 (2022) Kat:3, Licht: 0,11248,3,1,8,05,14,5,,0,0,0,0,1
"POINT (9.685667439000040 52.374828231999999)",Unfall 11249 (2022) Kat:2, Licht: 0,11249,2,1,8,04,16,2,,0,0,0,0,0
"POINT (9.705684116000040 52.430181203000103)",Unfall 11251 (2022) Kat:3, Licht: 0,11251,3,7,3,05,13,2,,0,0,1,0,0
"POINT (9.665446289000039 52.333967815999998)",Unfall 11255 (2022) Kat:3, Licht: 0,11255,3,3,5,05,16,6,,0,1,0,0,0
"POINT (9.744816050000050 52.602180734999997)",Unfall 11282 (2022) Kat:2, Licht: 0,11282,2,6,3,04,10,7,,0,0,1,0,0
"POINT (9.489521508000051 52.490514525999998)",Unfall 11291 (2022) Kat:3, Licht: 0,11291,3,2,4,04,15,2,,0,0,1,0,0
"POINT (9.714371113000031 52.362146213000102)",Unfall 11309 (2022) Kat:3, Licht: 2,11309,3,2,5,04,23,7,,2,0,1,0,0
"POINT (9.757652170000030 52.589426370000098)",Unfall 11312 (2022) Kat:3, Licht: 0,11312,3,6,2,05,12,7,,0,0,1,0,0
"POINT (9.747249268000081 52.323960391000099)",Unfall 11330 (2022) Kat:3, Licht: 0,11330,3,3,5,04,13,2,,0,1,1,0,0
"POINT (9.713820728000030 52.366626455000102)",Unfall 11332 (2022) Kat:3, Licht: 2,11332,3,1,0,04,00,5,,2,1,0,0,0
"POINT (9.856682197000049 52.477274501000103)",Unfall 11339 (2022) Kat:3, Licht: 2,11339,3,1,8,04,19,2,,2,0,1,0,0
"POINT (9.733716302000060 52.438530592000099)",Unfall 11346 (2022) Kat:3, Licht: 0,11346,3,6,2,04,19,5,,0,0,1,0,0
"POINT (9.622217924000040 52.426292348000104)",Unfall 11362 (2022) Kat:3, Licht: 0,11362,3,6,2,05,17,4,,0,0,1,0,0
"POINT (9.683995553000051 52.308228016000001)",Unfall 11371 (2022) Kat:3, Licht: 0,11371,3,7,9,05,07,5,,0,0,1,0,0
"POINT (10.047750493000001 52.483601548000102)",Unfall 11376 (2022) Kat:3, Licht: 1,11376,3,3,5,05,19,3,,1,0,1,0,1
"POINT (9.757871510000030 52.522600271999998)",Unfall 11382 (2022) Kat:2, Licht: 0,11382,2,6,4,05,17,2,,0,1,0,0,0
"POINT (9.591143183000041 52.399608331000103)",Unfall 11384 (2022) Kat:2, Licht: 0,11384,2,3,5,05,16,4,,0,0,1,0,1
"POINT (9.747266581000080 52.323983683999998)",Unfall 11398 (2022) Kat:3, Licht: 0,11398,3,3,5,03,09,4,,0,1,1,0,0
"POINT (9.832506201000060 52.386148085000102)",Unfall 11421 (2022) Kat:3, Licht: 0,11421,3,3,5,05,07,4,,0,1,1,0,0
"POINT (9.756198824000020 52.234730227000099)",Unfall 11434 (2022) Kat:3, Licht: 2,11434,3,1,9,04,02,3,,2,0,0,0,0
"POINT (9.438830019000020 52.423145044000101)",Unfall 11439 (2022) Kat:3, Licht: 0,11439,3,2,4,05,11,2,,0,0,1,0,0
"POINT (9.814384429000031 52.523739615000103)",Unfall 11442 (2022) Kat:3, Licht: 0,11442,3,1,8,04,07,7,,0,0,1,0,0
"POINT (9.959104714000031 52.317762351000098)",Unfall 11451 (2022) Kat:3, Licht: 0,11451,3,3,5,05,13,5,,0,1,1,0,0
"POINT (9.349064014000019 52.499144960000102)",Unfall 11454 (2022) Kat:3, Licht: 0,11454,3,3,5,04,16,2,,0,0,1,0,1
"POINT (9.628512641000039 52.284183984000002)",Unfall 11458 (2022) Kat:3, Licht: 0,11458,3,3,0,04,14,4,,0,0,1,0,0
"POINT (9.823741617000049 52.384182131000003)",Unfall 11463 (2022) Kat:3, Licht: 0,11463,3,2,5,04,07,2,,0,1,1,0,0
"POINT (9.627625001000069 52.175258498000098)",Unfall 11464 (2022) Kat:3, Licht: 0,11464,3,1,0,05,11,1,,0,1,0,0,0
"POINT (9.638690524000030 52.391212750000101)",Unfall 11467 (2022) Kat:3, Licht: 0,11467,3,7,8,05,16,3,,0,0,1,0,0
"POINT (9.820919737000050 52.408145603999998)",Unfall 11488 (2022) Kat:3, Licht: 0,11488,3,6,2,05,07,4,,0,0,1,0,0
"POINT (9.611138588000070 52.392056740000001)",Unfall 11520 (2022) Kat:3, Licht: 0,11520,3,3,5,04,11,3,,0,1,1,0,0
"POINT (10.207557649000000 52.476940362000100)",Unfall 11521 (2022) Kat:3, Licht: 2,11521,3,2,4,04,05,2,,2,0,1,0,1
"POINT (9.631211430000061 52.420625480000098)",Unfall 11522 (2022) Kat:3, Licht: 0,11522,3,6,3,04,11,5,,0,0,1,0,0
"POINT (9.400839769000070 52.332824674999998)",Unfall 11526 (2022) Kat:3, Licht: 0,11526,3,6,2,05,18,6,,0,0,1,0,0
"POINT (9.804109751000061 52.337016351999999)",Unfall 11531 (2022) Kat:3, Licht: 0,11531,3,7,0,04,11,5,,0,1,0,0,0
"POINT (9.707937928000041 52.420784281000103)",Unfall 11534 (2022) Kat:3, Licht: 2,11534,3,6,2,05,20,6,,2,0,1,0,0
"POINT (9.506854735000051 52.477853217000103)",Unfall 11535 (2022) Kat:3, Licht: 0,11535,3,7,8,05,14,3,,0,0,1,0,0
"POINT (10.102137102000000 52.364415720000103)",Unfall 11542 (2022) Kat:1, Licht: 0,11542,1,1,8,05,05,1,,0,0,1,0,0
"POINT (9.735218363000060 52.394346204999998)",Unfall 11547 (2022) Kat:2, Licht: 0,11547,2,6,6,04,18,7,,0,1,0,1,0
"POINT (9.486151243000050 52.626544516000102)",Unfall 11550 (2022) Kat:3, Licht: 0,11550,3,3,5,04,16,7,,0,0,1,0,0
"POINT (9.741067291000039 52.300856357000001)",Unfall 11577 (2022) Kat:3, Licht: 0,11577,3,7,6,05,15,6,,0,0,0,1,0
"POINT (9.729199354000061 52.475313297000099)",Unfall 11584 (2022) Kat:3, Licht: 0,11584,3,2,5,03,07,4,,0,0,1,0,1
"POINT (9.457942247000060 52.406515473000098)",Unfall 11585 (2022) Kat:3, Licht: 0,11585,3,6,2,05,11,4,,0,0,1,0,0
"POINT (9.426932761000050 52.429293698000002)",Unfall 11590 (2022) Kat:3, Licht: 0,11590,3,6,2,04,14,4,,0,0,1,0,0
"POINT (9.889693153000049 52.423190425000001)",Unfall 11595 (2022) Kat:2, Licht: 0,11595,2,1,8,04,19,2,,0,0,1,0,0
"POINT (9.973585624000069 52.384000544000102)",Unfall 11599 (2022) Kat:3, Licht: 0,11599,3,6,4,05,14,3,,0,1,0,0,0
"POINT (9.778096900000040 52.327784751000102)",Unfall 11607 (2022) Kat:3, Licht: 1,11607,3,2,5,05,20,1,,1,1,0,0,0
"POINT (9.721466742000080 52.355190217000001)",Unfall 11610 (2022) Kat:3, Licht: 0,11610,3,1,8,05,06,6,,0,0,0,0,0
"POINT (9.779737746000020 52.327563655000098)",Unfall 11621 (2022) Kat:3, Licht: 0,11621,3,1,0,04,10,1,,0,0,0,0,0
"POINT (9.734265907000060 52.387104738000097)",Unfall 11627 (2022) Kat:3, Licht: 0,11627,3,2,5,05,13,5,,0,1,1,0,0
"POINT (9.663565288000029 52.315989205999998)",Unfall 11628 (2022) Kat:3, Licht: 0,11628,3,6,4,04,17,3,,0,1,0,0,0
"POINT (9.727435729000041 52.374856588000100)",Unfall 11636 (2022) Kat:3, Licht: 0,11636,3,6,2,05,19,3,,0,0,1,0,0
"POINT (9.964165234000060 52.315973075000002)",Unfall 11640 (2022) Kat:3, Licht: 0,11640,3,2,2,04,15,2,,0,0,1,0,0
"POINT (9.725284711000031 52.563533427000003)",Unfall 11647 (2022) Kat:3, Licht: 0,11647,3,3,5,03,08,7,,0,1,1,0,0
"POINT (9.536413737000030 52.423887033000000)",Unfall 11657 (2022) Kat:3, Licht: 2,11657,3,1,0,04,21,3,,2,1,0,0,0
"POINT (9.609790737000029 52.392208961000101)",Unfall 11659 (2022) Kat:3, Licht: 0,11659,3,7,0,04,17,6,,0,1,0,0,0
"POINT (9.604062884000029 52.457669346000003)",Unfall 11660 (2022) Kat:3, Licht: 2,11660,3,5,1,04,21,3,,2,0,1,0,0
"POINT (9.642116232000030 52.422637270000102)",Unfall 11669 (2022) Kat:3, Licht: 0,11669,3,6,2,05,15,3,,0,0,1,0,0
"POINT (9.860768508000040 52.453833076000102)",Unfall 11680 (2022) Kat:2, Licht: 0,11680,2,6,3,03,14,7,,0,0,1,0,0
"POINT (9.720234711000050 52.391689126000102)",Unfall 11681 (2022) Kat:3, Licht: 0,11681,3,2,3,05,15,7,,0,1,1,0,0
"POINT (10.012782405000101 52.467051927999997)",Unfall 11687 (2022) Kat:3, Licht: 0,11687,3,1,0,04,16,2,,0,1,0,0,0
"POINT (9.408003898000061 52.574663919999999)",Unfall 11691 (2022) Kat:3, Licht: 0,11691,3,1,9,03,06,1,,0,0,1,0,0
"POINT (9.747878613000070 52.363527561000097)",Unfall 11692 (2022) Kat:3, Licht: 0,11692,3,4,6,05,16,7,,0,1,0,1,0
"POINT (9.629651647000060 52.421631379000097)",Unfall 11693 (2022) Kat:3, Licht: 0,11693,3,3,5,05,10,5,,0,0,1,0,0
"POINT (10.071794831000000 52.367992792000102)",Unfall 11716 (2022) Kat:3, Licht: 0,11716,3,6,3,04,16,2,,0,0,1,0,0
"POINT (9.735967084000039 52.400885792000103)",Unfall 11720 (2022) Kat:2, Licht: 0,11720,2,6,4,03,13,5,,0,1,0,0,0
"POINT (10.028713949000100 52.344538018999998)",Unfall 11727 (2022) Kat:2, Licht: 2,11727,2,1,8,04,22,7,,2,0,1,0,0
"POINT (9.605959810000060 52.406792222000000)",Unfall 11730 (2022) Kat:3, Licht: 0,11730,3,6,0,05,16,2,,0,1,0,0,0
"POINT (9.741767608000030 52.605882176000101)",Unfall 11731 (2022) Kat:3, Licht: 0,11731,3,6,2,05,15,6,,0,0,1,0,0
"POINT (9.520333375000060 52.557123705999999)",Unfall 11732 (2022) Kat:2, Licht: 0,11732,2,6,4,05,17,4,,0,0,1,0,0
"POINT (9.816669372000041 52.284616989000000)",Unfall 11734 (2022) Kat:3, Licht: 0,11734,3,1,9,04,17,7,,0,0,1,0,0
"POINT (9.570165734000060 52.457868122000001)",Unfall 11741 (2022) Kat:3, Licht: 0,11741,3,7,0,05,09,4,,0,1,0,0,0
"POINT (9.732474053000031 52.369531806000097)",Unfall 11744 (2022) Kat:3, Licht: 0,11744,3,6,2,04,07,4,,0,0,1,0,0
"POINT (9.657148397000070 52.405575934000098)",Unfall 11746 (2022) Kat:3, Licht: 1,11746,3,6,2,03,05,6,,1,0,1,0,0
"POINT (9.750080829000069 52.369281613000098)",Unfall 11747 (2022) Kat:2, Licht: 0,11747,2,4,6,05,11,6,,0,1,0,1,0
"POINT (9.860436801000050 52.517479222000098)",Unfall 11761 (2022) Kat:3, Licht: 0,11761,3,3,5,04,17,2,,0,0,1,0,0
"POINT (9.734073953000060 52.385984309000001)",Unfall 11765 (2022) Kat:3, Licht: 0,11765,3,6,2,05,16,4,,0,0,1,0,0
"POINT (9.799685411000040 52.408439573000102)",Unfall 11766 (2022) Kat:3, Licht: 0,11766,3,2,5,03,09,7,,0,1,0,0,1
"POINT (9.735857300000021 52.296361161999997)",Unfall 11772 (2022) Kat:3, Licht: 0,11772,3,3,5,05,06,5,,0,1,1,0,0
"POINT (9.858907882000040 52.407274974000103)",Unfall 11779 (2022) Kat:3, Licht: 2,11779,3,7,8,04,01,3,,2,0,0,0,0
"POINT (10.115382415999999 52.356002617000101)",Unfall 11781 (2022) Kat:3, Licht: 0,11781,3,2,2,05,11,7,,0,0,1,0,0
"POINT (9.872016886000040 52.424326970000003)",Unfall 11783 (2022) Kat:3, Licht: 0,11783,3,6,2,05,14,5,,0,0,1,0,0
"POINT (9.869087648000059 52.360620300000100)",Unfall 11784 (2022) Kat:3, Licht: 0,11784,3,6,2,04,12,2,,0,0,1,0,0
"POINT (9.999190651000051 52.363226382000100)",Unfall 11796 (2022) Kat:3, Licht: 0,11796,3,1,8,05,16,4,,0,0,0,0,1
"POINT (9.602057195000040 52.158088057000001)",Unfall 11798 (2022) Kat:2, Licht: 0,11798,2,3,5,04,13,1,,0,0,1,0,1
"POINT (9.456876027000019 52.499639742000099)",Unfall 11801 (2022) Kat:3, Licht: 0,11801,3,6,0,04,16,5,,0,0,0,0,0
"POINT (9.448531365000060 52.525276881000103)",Unfall 11803 (2022) Kat:3, Licht: 1,11803,3,2,2,04,18,4,,1,0,1,0,0
"POINT (9.506434767000030 52.340542453000097)",Unfall 11808 (2022) Kat:3, Licht: 1,11808,3,1,8,05,21,1,,1,0,1,0,0
"POINT (9.356759994000070 52.447265299000001)",Unfall 11815 (2022) Kat:2, Licht: 0,11815,2,6,2,04,15,3,,0,0,1,0,1
"POINT (9.757603951000020 52.534862384000100)",Unfall 11826 (2022) Kat:3, Licht: 0,11826,3,3,5,04,12,2,,0,0,1,0,0
"POINT (9.827102118000029 52.299642273000103)",Unfall 11838 (2022) Kat:3, Licht: 0,11838,3,6,2,04,17,4,,0,0,1,0,1
"POINT (9.721295560000041 52.360767445000100)",Unfall 11845 (2022) Kat:3, Licht: 2,11845,3,2,3,03,22,4,,2,0,1,0,0
"POINT (9.828380301000040 52.306926515999997)",Unfall 11849 (2022) Kat:3, Licht: 1,11849,3,7,0,04,05,3,,1,0,1,0,0
"POINT (9.838033180000020 52.418624008999998)",Unfall 11855 (2022) Kat:3, Licht: 0,11855,3,6,3,05,07,6,,0,0,1,0,0
"POINT (9.815125585000031 52.303297458000003)",Unfall 11861 (2022) Kat:3, Licht: 0,11861,3,2,5,04,08,4,,0,1,1,0,0
"POINT (9.776165815000070 52.575948998000101)",Unfall 11874 (2022) Kat:3, Licht: 0,11874,3,6,2,04,08,4,,0,0,1,0,0
"POINT (9.520153827000060 52.406931681000103)",Unfall 11881 (2022) Kat:3, Licht: 0,11881,3,6,4,05,13,3,,0,0,1,0,0
"POINT (9.819511855000030 52.310306842999999)",Unfall 11907 (2022) Kat:3, Licht: 0,11907,3,1,8,04,08,6,,0,0,1,0,0
"POINT (9.733379371000069 52.417818403000098)",Unfall 11916 (2022) Kat:3, Licht: 0,11916,3,3,5,04,13,5,,0,1,1,0,0
"POINT (9.628557374000019 52.292483410999999)",Unfall 11928 (2022) Kat:3, Licht: 0,11928,3,2,5,04,16,4,,0,0,1,0,0
"POINT (9.735595508000070 52.403298785000104)",Unfall 11935 (2022) Kat:3, Licht: 0,11935,3,3,0,03,15,4,,0,1,1,0,0
"POINT (10.180316092000099 52.465004553000000)",Unfall 11944 (2022) Kat:3, Licht: 0,11944,3,6,2,03,13,2,,0,0,0,0,0
"POINT (9.413165090000060 52.333048062000003)",Unfall 11948 (2022) Kat:3, Licht: 0,11948,3,6,2,03,15,2,,0,0,1,0,0
"POINT (9.743318658000019 52.369040978999998)",Unfall 11953 (2022) Kat:2, Licht: 0,11953,2,7,3,04,11,7,,0,1,0,0,0
"POINT (9.480440045000019 52.301055565000098)",Unfall 11958 (2022) Kat:2, Licht: 0,11958,2,3,5,03,09,7,,0,0,1,0,0
"POINT (9.723395081000040 52.628581967000102)",Unfall 11959 (2022) Kat:3, Licht: 0,11959,3,6,2,05,12,7,,0,0,1,0,0
"POINT (9.974039702000031 52.372582179000098)",Unfall 11961 (2022) Kat:3, Licht: 0,11961,3,7,6,05,11,7,,0,0,1,1,0
"POINT (9.614591041000040 52.392273973000002)",Unfall 11971 (2022) Kat:3, Licht: 0,11971,3,2,4,05,08,7,,0,1,1,0,0
"POINT (9.454153077000059 52.447055575000000)",Unfall 11977 (2022) Kat:3, Licht: 0,11977,3,6,2,04,13,6,,0,0,1,0,0
"POINT (9.584851817000070 52.389978227000000)",Unfall 11992 (2022) Kat:3, Licht: 0,11992,3,6,2,04,08,6,,0,0,1,0,0
"POINT (9.840887048000070 52.387819506000000)",Unfall 12005 (2022) Kat:3, Licht: 0,12005,3,4,6,05,19,5,,0,0,1,1,0
"POINT (9.691455245000039 52.430134652000000)",Unfall 12010 (2022) Kat:3, Licht: 0,12010,3,6,3,04,15,7,,0,0,1,0,0
"POINT (9.667917370000049 52.342015615999998)",Unfall 12026 (2022) Kat:3, Licht: 0,12026,3,3,5,04,09,4,,0,0,1,0,0
"POINT (9.724983919000071 52.317914028000096)",Unfall 12041 (2022) Kat:3, Licht: 0,12041,3,7,0,05,17,2,,0,1,0,0,0
"POINT (10.028016407000100 52.520551399000098)",Unfall 12048 (2022) Kat:3, Licht: 0,12048,3,1,9,04,17,3,,0,0,1,0,0
"POINT (9.629760493000051 52.421065305000099)",Unfall 12061 (2022) Kat:3, Licht: 0,12061,3,6,2,05,16,6,,0,0,1,0,0
"POINT (9.413092458000049 52.333071932000102)",Unfall 12066 (2022) Kat:2, Licht: 0,12066,2,6,3,04,08,6,,0,1,0,0,0
"POINT (9.699451232000060 52.347352043999997)",Unfall 12067 (2022) Kat:3, Licht: 2,12067,3,2,5,05,01,1,,2,0,1,0,0
"POINT (9.865339305000081 52.338425513000097)",Unfall 12072 (2022) Kat:3, Licht: 0,12072,3,6,2,03,12,2,,0,0,0,0,0
"POINT (9.853501325000019 52.491582205000000)",Unfall 12078 (2022) Kat:3, Licht: 0,12078,3,7,6,04,15,4,,0,0,1,1,0
"POINT (9.871637695000061 52.278660095000099)",Unfall 12083 (2022) Kat:2, Licht: 0,12083,2,7,0,05,09,7,,0,0,1,0,0
"POINT (9.811216463000051 52.528745940000100)",Unfall 12089 (2022) Kat:3, Licht: 0,12089,3,6,2,04,12,2,,0,0,1,0,0
"POINT (9.637252375000060 52.551496043000000)",Unfall 12104 (2022) Kat:2, Licht: 2,12104,2,1,9,04,03,1,,2,0,1,0,0
"POINT (9.773778506000040 52.370993876000099)",Unfall 12112 (2022) Kat:3, Licht: 0,12112,3,6,2,04,16,5,,0,0,1,0,0
"POINT (9.735133852000050 52.403873716000099)",Unfall 12117 (2022) Kat:3, Licht: 0,12117,3,6,2,04,10,6,,0,0,1,0,0
"POINT (9.711361662000060 52.441122260000000)",Unfall 12122 (2022) Kat:2, Licht: 2,12122,2,4,6,04,05,5,,2,0,1,1,0
"POINT (9.732304037000061 52.383139959000097)",Unfall 12124 (2022) Kat:3, Licht: 1,12124,3,6,3,03,18,5,,1,1,0,0,0
"POINT (9.933177415000049 52.393308788000098)",Unfall 12126 (2022) Kat:3, Licht: 0,12126,3,6,2,05,19,3,,0,0,1,0,0
"POINT (9.743166602000031 52.604177896000103)",Unfall 12130 (2022) Kat:3, Licht: 0,12130,3,6,2,04,10,7,,0,0,1,0,0
"POINT (9.611168888000069 52.431820989000101)",Unfall 12137 (2022) Kat:3, Licht: 0,12137,3,6,2,04,14,7,,0,0,1,0,0
"POINT (9.963276297000050 52.441038747000100)",Unfall 12151 (2022) Kat:3, Licht: 2,12151,3,5,1,03,19,7,,2,0,1,0,0
"POINT (9.642332377000059 52.414705751000000)",Unfall 12155 (2022) Kat:3, Licht: 2,12155,3,3,5,04,20,2,,2,0,1,0,0
"POINT (9.643336678000029 52.334900236000102)",Unfall 12166 (2022) Kat:3, Licht: 0,12166,3,6,9,04,14,7,,0,0,0,0,1
"POINT (9.800645776000071 52.544362431000103)",Unfall 12167 (2022) Kat:3, Licht: 2,12167,3,1,8,05,02,1,,2,0,1,0,0
"POINT (9.771410247000061 52.427091893000103)",Unfall 12173 (2022) Kat:3, Licht: 0,12173,3,6,9,04,17,1,,0,0,1,0,0
"POINT (9.810460782000060 52.318370824000098)",Unfall 12176 (2022) Kat:3, Licht: 0,12176,3,2,4,04,11,4,,0,0,1,0,0
"POINT (9.677159397000031 52.359206401999998)",Unfall 12187 (2022) Kat:3, Licht: 0,12187,3,3,5,05,18,6,,0,1,1,0,0
"POINT (9.571012445000060 52.446571517999999)",Unfall 12198 (2022) Kat:3, Licht: 0,12198,3,7,9,03,16,2,,0,0,1,0,0
"POINT (9.431892501000050 52.422453582000102)",Unfall 12201 (2022) Kat:3, Licht: 2,12201,3,3,5,04,22,2,,2,1,1,0,0
"POINT (9.727238959000029 52.366798701999997)",Unfall 12206 (2022) Kat:3, Licht: 0,12206,3,3,5,03,10,5,,0,0,1,0,0
"POINT (9.555458468000040 52.440595517000098)",Unfall 12208 (2022) Kat:3, Licht: 0,12208,3,6,2,03,10,7,,0,0,1,0,0
"POINT (9.675761272000051 52.192101684000100)",Unfall 12215 (2022) Kat:2, Licht: 0,12215,2,1,8,04,13,2,,0,0,0,0,1
"POINT (9.717934702000040 52.440610267000103)",Unfall 12216 (2022) Kat:3, Licht: 0,12216,3,6,2,04,14,3,,0,0,1,0,0