WKT,Name,OBJECTID,UKATEGORIE,UTYP1,UART,UMONAT,USTUNDE,UWOCHENTAG,STRZUSTAND,ULICHTVERH,ISTRAD,ISTPKW,ISTFUSS,ISTKRAD
"POINT (9.641570880000071 52.414798400000102)",Unfall 12218 (2022) Kat:3, Licht: 0,12218,3,6,2,04,17,6,,0,0,1,0,0
"POINT (9.973419902000050 52.383844983000103)",Unfall 12219 (2022) Kat:3, Licht: 0,12219,3,1,8,04,07,3,,0,0,1,0,0
"POINT (9.845046208000040 52.360464716000102)",Unfall 12232 (2022) Kat:3, Licht: 0,12232,3,2,5,03,15,3,,0,0,0,0,0
"POINT (9.726766279000060 52.375735156000097)",Unfall 12235 (2022) Kat:3, Licht: 0,12235,3,3,5,05,16,5,,0,1,1,0,0
"POINT (9.731796611000050 52.382916682000001)",Unfall 12239 (2022) Kat:3, Licht: 0,12239,3,6,3,04,18,5,,0,0,1,0,1
"POINT (9.466288242000079 52.454280850000004)",Unfall 12251 (2022) Kat:3, Licht: 1,12251,3,1,8,03,18,6,,1,0,0,0,1
"POINT (9.714673806000061 52.361088397000103)",Unfall 12259 (2022) Kat:3, Licht: 0,12259,3,6,3,05,10,2,,0,0,1,0,0
"POINT (9.848495557000041 52.427746749000100)",Unfall 12262 (2022) Kat:3, Licht: 0,12262,3,6,2,03,17,2,,0,0,1,0,0
"POINT (9.784772259000020 52.320880713000101)",Unfall 12270 (2022) Kat:3, Licht: 0,12270,3,6,2,05,18,4,,0,0,1,0,0
"POINT (9.723967380000030 52.391096957999999)",Unfall 12277 (2022) Kat:3, Licht: 0,12277,3,2,3,05,13,5,,0,1,1,0,0
"POINT (9.513359841000071 52.391602585999998)",Unfall 12301 (2022) Kat:3, Licht: 0,12301,3,3,5,05,15,5,,0,1,1,0,0
"POINT (9.727121379000041 52.381148211000003)",Unfall 12314 (2022) Kat:3, Licht: 0,12314,3,3,5,05,08,2,,0,1,1,0,0
"POINT (9.618445249000050 52.361475890000101)",Unfall 12317 (2022) Kat:3, Licht: 0,12317,3,1,8,04,13,4,,0,0,1,0,0
"POINT (9.650122699000059 52.414741702000100)",Unfall 12318 (2022) Kat:3, Licht: 1,12318,3,6,3,04,05,6,,1,0,1,0,1
"POINT (9.584760351000060 52.390713699000102)",Unfall 12319 (2022) Kat:3, Licht: 0,12319,3,6,4,04,09,7,,0,0,1,0,0
"POINT (9.574439242000039 52.420597719000099)",Unfall 12325 (2022) Kat:3, Licht: 0,12325,3,3,5,03,18,1,,0,0,1,0,0
"POINT (9.997237369000061 52.453071210000097)",Unfall 12330 (2022) Kat:3, Licht: 0,12330,3,1,0,04,09,7,,0,1,0,0,0
"POINT (9.995384594000029 52.443820975000101)",Unfall 12344 (2022) Kat:3, Licht: 0,12344,3,2,3,04,16,3,,0,1,1,0,0
"POINT (9.728016805000040 52.374194271000100)",Unfall 12353 (2022) Kat:3, Licht: 0,12353,3,3,5,05,07,2,,0,0,1,0,0
"POINT (9.664864334000070 52.239731032000101)",Unfall 12390 (2022) Kat:3, Licht: 0,12390,3,3,5,03,11,2,,0,1,1,0,0
"POINT (9.656051316000060 52.238946385000098)",Unfall 12393 (2022) Kat:3, Licht: 0,12393,3,2,4,04,18,1,,0,0,1,0,0
"POINT (9.784316115000021 52.383178905000101)",Unfall 12394 (2022) Kat:3, Licht: 0,12394,3,6,2,04,15,4,,0,0,1,0,0
"POINT (9.730779549000030 52.485742378000097)",Unfall 12421 (2022) Kat:3, Licht: 0,12421,3,7,8,05,07,4,,0,0,1,0,0
"POINT (9.764463666000040 52.342764932000101)",Unfall 12424 (2022) Kat:3, Licht: 0,12424,3,2,5,04,13,2,,0,0,1,0,0
"POINT (9.751213046000030 52.359203551000100)",Unfall 12429 (2022) Kat:3, Licht: 0,12429,3,2,5,03,17,4,,0,1,1,0,0
"POINT (9.644954561000080 52.431552050999997)",Unfall 12434 (2022) Kat:3, Licht: 0,12434,3,6,4,04,16,6,,0,1,0,0,0
"POINT (9.666753222000070 52.339111361999997)",Unfall 12447 (2022) Kat:3, Licht: 2,12447,3,1,8,04,22,5,,2,0,1,0,0
"POINT (9.852022913000040 52.429630342999999)",Unfall 12455 (2022) Kat:3, Licht: 0,12455,3,3,0,04,12,3,,0,1,0,0,0
"POINT (9.833256095000021 52.418909151000001)",Unfall 12460 (2022) Kat:3, Licht: 0,12460,3,6,2,05,12,6,,0,0,1,0,0
"POINT (9.774795317000040 52.332276999999998)",Unfall 12463 (2022) Kat:3, Licht: 2,12463,3,7,8,04,01,1,,2,1,0,0,0
"POINT (9.727190745000030 52.387963055000100)",Unfall 12467 (2022) Kat:3, Licht: 2,12467,3,2,5,03,19,6,,2,0,1,0,0
"POINT (9.564126427000080 52.323118233000102)",Unfall 12469 (2022) Kat:3, Licht: 0,12469,3,6,2,05,16,3,,0,0,1,0,0
"POINT (9.889865139000049 52.422946500000101)",Unfall 12476 (2022) Kat:3, Licht: 0,12476,3,6,2,04,12,6,,0,0,0,0,0
"POINT (9.415664240000069 52.428478317000000)",Unfall 12477 (2022) Kat:3, Licht: 0,12477,3,1,1,05,10,3,,0,0,1,0,0
"POINT (9.758964508000080 52.370320362000001)",Unfall 12485 (2022) Kat:3, Licht: 0,12485,3,3,5,05,08,6,,0,1,1,0,0
"POINT (9.586744146000060 52.416143150000003)",Unfall 12489 (2022) Kat:3, Licht: 0,12489,3,6,2,04,12,3,,0,0,1,0,0
"POINT (9.968902707000041 52.315200406000002)",Unfall 12498 (2022) Kat:3, Licht: 0,12498,3,2,4,05,17,1,,0,0,1,0,0
"POINT (9.717505928000040 52.355667564000001)",Unfall 12505 (2022) Kat:3, Licht: 0,12505,3,3,5,04,15,3,,0,0,1,0,0
"POINT (9.760225341000019 52.347308990999998)",Unfall 12508 (2022) Kat:2, Licht: 2,12508,2,1,8,05,03,1,,2,0,1,0,0
"POINT (9.715111738000081 52.361092796000001)",Unfall 12522 (2022) Kat:3, Licht: 0,12522,3,6,2,05,17,4,,0,0,1,0,0
"POINT (9.723539526000019 52.377899187000097)",Unfall 12526 (2022) Kat:3, Licht: 0,12526,3,2,5,03,15,4,,0,1,0,0,0
"POINT (9.621501888000070 52.392946592999998)",Unfall 12534 (2022) Kat:3, Licht: 0,12534,3,3,0,04,11,7,,0,1,1,0,0
"POINT (9.803622380000039 52.481312957999997)",Unfall 12535 (2022) Kat:3, Licht: 0,12535,3,2,4,04,07,3,,0,1,1,0,0
"POINT (9.722400209000060 52.317309229000003)",Unfall 12538 (2022) Kat:3, Licht: 0,12538,3,6,4,05,13,5,,0,1,0,0,0
"POINT (9.457024069000060 52.501176515000097)",Unfall 12547 (2022) Kat:2, Licht: 0,12547,2,4,6,05,12,7,,0,0,1,1,0
"POINT (9.674327253000060 52.395066615000097)",Unfall 12560 (2022) Kat:3, Licht: 0,12560,3,6,2,04,14,4,,0,0,1,0,0
"POINT (9.702516298000029 52.430292309000002)",Unfall 12561 (2022) Kat:3, Licht: 2,12561,3,6,2,03,20,7,,2,0,1,0,0
"POINT (10.031252052000101 52.386442232000000)",Unfall 12571 (2022) Kat:3, Licht: 0,12571,3,6,2,05,17,3,,0,0,1,0,0
"POINT (9.697733158000061 52.377152479000102)",Unfall 12573 (2022) Kat:3, Licht: 0,12573,3,6,2,04,19,3,,0,0,1,0,0
"POINT (9.589669474000059 52.439030625999997)",Unfall 12584 (2022) Kat:3, Licht: 2,12584,3,3,5,04,00,2,,2,0,1,0,0
"POINT (9.459769472000060 52.305589263000101)",Unfall 12601 (2022) Kat:3, Licht: 2,12601,3,2,2,04,21,6,,2,0,1,0,0
"POINT (9.807126988000050 52.307660541000097)",Unfall 12605 (2022) Kat:3, Licht: 0,12605,3,7,1,05,15,1,,0,0,1,0,0
"POINT (9.817980595000050 52.351586887000103)",Unfall 12621 (2022) Kat:3, Licht: 1,12621,3,6,3,03,17,5,,1,0,1,0,0
"POINT (9.766531678000041 52.290168493000103)",Unfall 12637 (2022) Kat:3, Licht: 0,12637,3,7,0,03,09,2,,0,1,0,0,0
"POINT (9.711782947000071 52.405064479000004)",Unfall 12640 (2022) Kat:3, Licht: 0,12640,3,3,5,05,14,3,,0,1,1,0,0
"POINT (9.744565607000030 52.453350581999999)",Unfall 12643 (2022) Kat:3, Licht: 0,12643,3,6,2,04,16,7,,0,0,1,0,1
"POINT (9.590423508000070 52.438741575000101)",Unfall 12680 (2022) Kat:3, Licht: 0,12680,3,6,2,05,12,5,,0,0,0,0,1
"POINT (9.974916945000070 52.401607946000098)",Unfall 12681 (2022) Kat:3, Licht: 0,12681,3,3,5,03,08,4,,0,0,1,0,0
"POINT (9.680297480000039 52.371920967000101)",Unfall 12682 (2022) Kat:3, Licht: 0,12682,3,6,2,05,08,4,,0,0,1,0,0
"POINT (9.937676443000040 52.392742159000100)",Unfall 12687 (2022) Kat:3, Licht: 0,12687,3,6,2,04,12,4,,0,0,0,0,0
"POINT (9.761357585000040 52.335652021000001)",Unfall 12690 (2022) Kat:3, Licht: 0,12690,3,3,5,04,14,6,,0,1,1,0,0
"POINT (9.677817626000040 52.359328446000099)",Unfall 12692 (2022) Kat:3, Licht: 2,12692,3,3,5,04,19,2,,2,0,1,1,0
"POINT (9.613543523000031 52.568428560000001)",Unfall 12693 (2022) Kat:1, Licht: 2,12693,1,1,8,05,00,1,,2,0,1,0,0
"POINT (9.744772400000040 52.367455776000000)",Unfall 12694 (2022) Kat:3, Licht: 0,12694,3,3,5,05,08,2,,0,1,1,0,0
"POINT (9.456463076000031 52.485671555000103)",Unfall 12696 (2022) Kat:3, Licht: 0,12696,3,7,0,05,20,3,,0,0,1,0,1
"POINT (9.894275669000020 52.460396834000100)",Unfall 12703 (2022) Kat:3, Licht: 2,12703,3,1,9,04,01,7,,2,0,1,0,0
"POINT (9.958094016000080 52.318272885000098)",Unfall 12707 (2022) Kat:2, Licht: 0,12707,2,4,6,05,12,6,,0,0,1,1,0
"POINT (9.730126854000050 52.368690018999999)",Unfall 12709 (2022) Kat:2, Licht: 0,12709,2,3,5,03,13,3,,0,1,1,0,0
"POINT (9.961658500000061 52.455874671000103)",Unfall 12711 (2022) Kat:2, Licht: 1,12711,2,1,8,04,20,3,,1,0,0,0,1
"POINT (9.544569125000070 52.441298630000098)",Unfall 12723 (2022) Kat:3, Licht: 0,12723,3,5,1,05,10,6,,0,1,1,0,0
"POINT (9.730634807000060 52.475538394000097)",Unfall 12730 (2022) Kat:3, Licht: 0,12730,3,5,1,03,16,2,,0,1,1,0,0
"POINT (9.698625703000060 52.347726751000003)",Unfall 12733 (2022) Kat:3, Licht: 0,12733,3,3,5,05,16,3,,0,1,1,0,0
"POINT (9.839464978000020 52.273404707000097)",Unfall 12734 (2022) Kat:3, Licht: 0,12734,3,7,0,03,16,1,,0,1,0,0,0
"POINT (9.846580942000060 52.393191772000101)",Unfall 12742 (2022) Kat:3, Licht: 0,12742,3,5,5,03,12,5,,0,1,1,0,0
"POINT (9.425179900000050 52.504123838000098)",Unfall 12745 (2022) Kat:3, Licht: 0,12745,3,1,0,05,10,7,,0,1,0,0,0
"POINT (9.793862227000030 52.394736318000099)",Unfall 12751 (2022) Kat:3, Licht: 0,12751,3,6,2,04,11,2,,0,0,1,0,1
"POINT (9.495119389000021 52.280763692999997)",Unfall 12752 (2022) Kat:3, Licht: 0,12752,3,2,2,04,18,3,,0,1,1,0,0
"POINT (9.434518718000049 52.421546241999998)",Unfall 12766 (2022) Kat:3, Licht: 0,12766,3,2,5,05,13,6,,0,0,1,0,1
"POINT (9.899254211000031 52.348952675000099)",Unfall 12791 (2022) Kat:3, Licht: 1,12791,3,1,9,04,20,7,,1,1,0,0,0
"POINT (10.139719758000100 52.460914478000099)",Unfall 12811 (2022) Kat:3, Licht: 0,12811,3,6,2,04,16,4,,0,0,1,0,0
"POINT (10.199200389000101 52.464078364999999)",Unfall 12814 (2022) Kat:3, Licht: 0,12814,3,3,5,04,11,6,,0,1,1,0,0
"POINT (9.733429284000071 52.384282250000098)",Unfall 12818 (2022) Kat:3, Licht: 0,12818,3,6,0,05,15,2,,0,1,0,0,0
"POINT (10.026863118000101 52.316664081000098)",Unfall 12821 (2022) Kat:3, Licht: 0,12821,3,3,5,03,07,5,,0,1,1,0,0
"POINT (9.805814002000030 52.408496919000100)",Unfall 12823 (2022) Kat:3, Licht: 0,12823,3,3,5,05,16,3,,0,1,0,0,0
"POINT (9.585167598000060 52.389936622000100)",Unfall 12830 (2022) Kat:3, Licht: 0,12830,3,6,2,05,17,2,,0,0,1,0,0
"POINT (9.734106839000050 52.412124237999997)",Unfall 12831 (2022) Kat:3, Licht: 0,12831,3,3,5,05,09,6,,0,1,1,0,0
"POINT (9.451363620000050 52.517249278000101)",Unfall 12841 (2022) Kat:3, Licht: 0,12841,3,2,2,05,16,4,,0,0,1,0,0
"POINT (10.201896743000100 52.462647452000098)",Unfall 12847 (2022) Kat:3, Licht: 0,12847,3,7,8,05,11,6,,0,1,0,0,0
"POINT (9.717404017000041 52.396145908000101)",Unfall 12858 (2022) Kat:3, Licht: 0,12858,3,6,2,03,10,1,,0,0,1,0,0
"POINT (9.703344603000060 52.416143413999997)",Unfall 12866 (2022) Kat:3, Licht: 0,12866,3,2,2,04,15,7,,0,0,1,0,0
"POINT (10.084954618999999 52.365924097000097)",Unfall 12876 (2022) Kat:2, Licht: 2,12876,2,1,8,04,23,3,,2,0,1,0,0
"POINT (9.603651810000031 52.460128320000102)",Unfall 12895 (2022) Kat:3, Licht: 0,12895,3,7,1,05,13,2,,0,0,1,0,0
"POINT (9.505009682000040 52.556076261999998)",Unfall 12897 (2022) Kat:3, Licht: 0,12897,3,6,2,05,10,4,,0,0,1,0,0
"POINT (9.599971043000039 52.394438052000098)",Unfall 12902 (2022) Kat:3, Licht: 0,12902,3,2,0,04,08,5,,0,1,1,0,0
"POINT (9.745758777000050 52.209364737000001)",Unfall 12904 (2022) Kat:3, Licht: 0,12904,3,3,5,04,15,4,,0,1,1,0,0
"POINT (9.587007944000050 52.211696559000103)",Unfall 12908 (2022) Kat:3, Licht: 0,12908,3,1,9,04,13,1,,0,0,0,0,1
"POINT (9.631788267000051 52.378667982000103)",Unfall 12909 (2022) Kat:3, Licht: 0,12909,3,1,9,05,11,1,,0,1,0,0,0
"POINT (9.681227257000049 52.391416520000099)",Unfall 12915 (2022) Kat:3, Licht: 0,12915,3,6,2,04,15,3,,0,0,1,0,0
"POINT (10.066311561000100 52.449537751999998)",Unfall 12932 (2022) Kat:2, Licht: 0,12932,2,1,8,04,17,7,,0,0,1,0,0
"POINT (9.690453010000059 52.442328910000100)",Unfall 12939 (2022) Kat:3, Licht: 0,12939,3,7,0,05,06,5,,0,0,0,0,1
"POINT (9.356228733000020 52.450973127000097)",Unfall 12941 (2022) Kat:3, Licht: 0,12941,3,7,0,04,20,4,,0,1,0,0,0
"POINT (9.441317243000070 52.311489711000000)",Unfall 12961 (2022) Kat:3, Licht: 0,12961,3,2,2,04,15,4,,0,0,1,0,0
"POINT (9.862783340000020 52.379928732000103)",Unfall 12978 (2022) Kat:3, Licht: 0,12978,3,2,4,03,16,2,,0,0,1,0,0
"POINT (9.768276233000050 52.291073501000000)",Unfall 12998 (2022) Kat:3, Licht: 0,12998,3,6,2,05,16,4,,0,1,1,0,0
"POINT (9.654479453000020 52.319025568000001)",Unfall 13002 (2022) Kat:3, Licht: 0,13002,3,3,5,04,07,6,,0,1,1,0,0
"POINT (9.800809380000031 52.406586450000098)",Unfall 13010 (2022) Kat:3, Licht: 0,13010,3,6,0,05,14,2,,0,0,1,0,0
"POINT (9.640203504000061 52.294887078999999)",Unfall 13024 (2022) Kat:3, Licht: 0,13024,3,3,5,04,14,3,,0,1,1,0,0
"POINT (9.553920588000040 52.421758908000101)",Unfall 13034 (2022) Kat:3, Licht: 2,13034,3,7,2,05,22,1,,2,0,1,0,0
"POINT (9.451313292000069 52.307572415999999)",Unfall 13036 (2022) Kat:3, Licht: 0,13036,3,2,2,03,16,4,,0,0,1,0,0
"POINT (9.512900418000070 52.410994326999997)",Unfall 13037 (2022) Kat:3, Licht: 0,13037,3,6,2,03,10,6,,0,0,1,0,0
"POINT (9.675968233000050 52.381747259000100)",Unfall 13041 (2022) Kat:3, Licht: 0,13041,3,7,7,04,10,3,,0,1,0,0,0
"POINT (9.745756692000040 52.209378033000100)",Unfall 13046 (2022) Kat:3, Licht: 0,13046,3,2,4,05,19,1,,0,0,1,0,0
"POINT (10.014452873000000 52.420392769999999)",Unfall 13069 (2022) Kat:3, Licht: 0,13069,3,7,6,04,12,7,,0,0,1,1,0
"POINT (9.959327835000069 52.317653104999998)",Unfall 13073 (2022) Kat:3, Licht: 0,13073,3,2,4,05,17,5,,0,1,1,0,0
"POINT (9.611470329000040 52.434681511000100)",Unfall 13078 (2022) Kat:2, Licht: 0,13078,2,4,6,04,11,6,,0,0,1,1,0
"POINT (9.442084939000040 52.366290829000000)",Unfall 13095 (2022) Kat:3, Licht: 0,13095,3,6,2,04,12,4,,0,0,0,0,0
"POINT (9.651676538000061 52.417413615000001)",Unfall 13105 (2022) Kat:2, Licht: 0,13105,2,3,5,03,17,5,,0,1,1,0,0
"POINT (9.401221695000061 52.424724727000097)",Unfall 13106 (2022) Kat:3, Licht: 0,13106,3,6,2,03,11,7,,0,0,1,0,0
"POINT (9.663772276000030 52.276717122999997)",Unfall 13111 (2022) Kat:3, Licht: 0,13111,3,7,0,04,17,7,,0,1,0,0,0
"POINT (9.743512009000030 52.457489539000100)",Unfall 13112 (2022) Kat:2, Licht: 0,13112,2,6,3,05,21,1,,0,0,1,0,0
"POINT (9.974792869000050 52.389763633000001)",Unfall 13122 (2022) Kat:3, Licht: 0,13122,3,7,2,04,15,6,,0,0,1,0,0
"POINT (9.605040724000050 52.393408812000096)",Unfall 13132 (2022) Kat:3, Licht: 0,13132,3,3,5,04,11,5,,0,1,1,0,0
"POINT (9.797398687000049 52.346676059000103)",Unfall 13137 (2022) Kat:3, Licht: 0,13137,3,6,3,04,13,6,,0,0,1,0,0
"POINT (9.714840566000021 52.361130489000097)",Unfall 13140 (2022) Kat:3, Licht: 0,13140,3,2,5,05,14,1,,0,0,1,0,0
"POINT (9.666848364000030 52.339201545999998)",Unfall 13142 (2022) Kat:3, Licht: 0,13142,3,2,6,04,08,6,,0,0,1,1,0
"POINT (9.697287028000060 52.341536937999997)",Unfall 13150 (2022) Kat:3, Licht: 0,13150,3,6,2,05,17,6,,0,0,1,0,0
"POINT (9.452741736000061 52.512684760000099)",Unfall 13152 (2022) Kat:3, Licht: 0,13152,3,2,5,03,15,3,,0,0,1,0,0
"POINT (9.388657692000040 52.539030151000098)",Unfall 13154 (2022) Kat:3, Licht: 0,13154,3,1,9,04,19,3,,0,0,1,0,0
"POINT (9.728283278000051 52.374197817000002)",Unfall 13156 (2022) Kat:3, Licht: 0,13156,3,2,4,04,19,5,,0,1,1,0,0
"POINT (9.806544290000030 52.307994466000103)",Unfall 13162 (2022) Kat:3, Licht: 0,13162,3,6,2,05,10,4,,0,0,1,0,0
"POINT (9.821496019000049 52.426838058999998)",Unfall 13169 (2022) Kat:3, Licht: 1,13169,3,6,2,05,05,3,,1,0,1,0,0
"POINT (9.735137087000060 52.393954362000002)",Unfall 13179 (2022) Kat:3, Licht: 0,13179,3,4,6,03,15,2,,0,1,0,1,0
"POINT (9.736206108000030 52.399163767000097)",Unfall 13210 (2022) Kat:3, Licht: 0,13210,3,2,2,05,18,4,,0,0,1,0,0
"POINT (9.535503630000051 52.474109419999998)",Unfall 13212 (2022) Kat:2, Licht: 0,13212,2,7,8,05,07,6,,0,0,1,0,0
"POINT (9.510109456000070 52.475981871999998)",Unfall 13214 (2022) Kat:3, Licht: 2,13214,3,7,2,04,00,1,,2,0,1,0,0
"POINT (9.871997015000030 52.308224834999997)",Unfall 13219 (2022) Kat:1, Licht: 0,13219,1,6,2,03,17,3,,0,0,0,0,0
"POINT (9.815372512000071 52.522088664000101)",Unfall 13222 (2022) Kat:3, Licht: 0,13222,3,1,7,04,13,5,,0,0,1,0,0
"POINT (9.630106622000030 52.226444281000099)",Unfall 13224 (2022) Kat:2, Licht: 0,13224,2,1,9,04,18,4,,0,0,0,0,1
"POINT (9.836796436000039 52.418716043000103)",Unfall 13229 (2022) Kat:3, Licht: 0,13229,3,1,9,04,16,2,,0,0,1,0,0
"POINT (9.868662283000051 52.344229718000101)",Unfall 13233 (2022) Kat:3, Licht: 0,13233,3,6,2,05,07,3,,0,0,0,0,0
"POINT (10.249609434000000 52.487835433999997)",Unfall 13240 (2022) Kat:3, Licht: 0,13240,3,6,2,04,11,7,,0,0,1,0,0
"POINT (9.711509778000050 52.421725698000003)",Unfall 13250 (2022) Kat:3, Licht: 0,13250,3,3,5,04,16,4,,0,1,1,0,0
"POINT (9.468963542000040 52.504512300999998)",Unfall 13260 (2022) Kat:3, Licht: 0,13260,3,3,5,05,19,6,,0,1,1,0,0
"POINT (9.740593101000060 52.427522789000101)",Unfall 13264 (2022) Kat:3, Licht: 0,13264,3,6,2,04,15,6,,0,0,1,0,0
"POINT (9.544912405000050 52.421245564000102)",Unfall 13279 (2022) Kat:2, Licht: 2,13279,2,6,8,04,20,7,,2,0,1,0,0
"POINT (9.739040180000069 52.368226047000100)",Unfall 13280 (2022) Kat:3, Licht: 2,13280,3,1,8,03,22,7,,2,1,0,0,0
"POINT (9.745919421000050 52.366475829000102)",Unfall 13294 (2022) Kat:3, Licht: 0,13294,3,3,5,03,17,6,,0,1,1,0,0
"POINT (9.762818979000031 52.344438584999999)",Unfall 13299 (2022) Kat:3, Licht: 0,13299,3,3,5,04,08,4,,0,1,1,0,0
"POINT (9.420793157000050 52.444995673000101)",Unfall 13318 (2022) Kat:3, Licht: 0,13318,3,5,4,05,09,7,,0,1,1,0,0
"POINT (9.690886282000060 52.384201086000097)",Unfall 13320 (2022) Kat:3, Licht: 0,13320,3,6,2,05,12,7,,0,0,1,0,0
"POINT (9.736126673000060 52.399750045000097)",Unfall 13324 (2022) Kat:3, Licht: 0,13324,3,6,2,05,13,4,,0,0,1,0,0
"POINT (9.575164868000060 52.419191136000101)",Unfall 13325 (2022) Kat:3, Licht: 0,13325,3,6,2,04,13,2,,0,0,1,0,0
"POINT (9.488465007000061 52.308817700000098)",Unfall 13329 (2022) Kat:3, Licht: 2,13329,3,3,5,03,21,1,,2,0,1,0,0
"POINT (9.769541806000060 52.580693116000099)",Unfall 13333 (2022) Kat:3, Licht: 0,13333,3,6,3,03,10,1,,0,0,1,0,0
"POINT (9.764831476000040 52.342739362000003)",Unfall 13358 (2022) Kat:3, Licht: 0,13358,3,2,5,05,10,3,,0,0,1,0,0
"POINT (9.753376554000059 52.452711272999998)",Unfall 13368 (2022) Kat:3, Licht: 0,13368,3,6,2,05,17,2,,0,0,1,0,0
"POINT (9.712579550000040 52.402028491000102)",Unfall 13369 (2022) Kat:3, Licht: 0,13369,3,3,5,05,14,6,,0,1,0,0,0
"POINT (9.803341712000080 52.310720860000103)",Unfall 13372 (2022) Kat:3, Licht: 0,13372,3,3,5,04,15,7,,0,0,1,0,0
"POINT (10.100351847000100 52.364586211000102)",Unfall 13379 (2022) Kat:2, Licht: 0,13379,2,6,2,05,08,4,,0,0,0,0,0
"POINT (9.663098337000060 52.171213974000104)",Unfall 13382 (2022) Kat:3, Licht: 0,13382,3,2,2,04,16,4,,0,0,1,0,0
"POINT (9.675813073000031 52.394137235000102)",Unfall 13384 (2022) Kat:3, Licht: 0,13384,3,6,2,03,14,5,,0,0,1,0,0
"POINT (9.904177905000040 52.275624329999999)",Unfall 13410 (2022) Kat:3, Licht: 0,13410,3,6,2,05,15,5,,0,0,1,0,0
"POINT (9.813491476000021 52.318993910000103)",Unfall 13414 (2022) Kat:3, Licht: 0,13414,3,6,4,04,08,3,,0,0,1,0,0
"POINT (9.417437460000031 52.427483820000099)",Unfall 13419 (2022) Kat:2, Licht: 0,13419,2,7,0,05,11,7,,0,1,0,0,0
"POINT (9.833610122000040 52.300535940000003)",Unfall 13421 (2022) Kat:3, Licht: 0,13421,3,1,0,05,19,5,,0,0,0,0,1
"POINT (10.139909671000099 52.460967907000096)",Unfall 13423 (2022) Kat:3, Licht: 0,13423,3,7,4,05,16,2,,0,0,1,0,0
"POINT (9.925360817000071 52.349215002999998)",Unfall 13432 (2022) Kat:3, Licht: 0,13432,3,6,2,05,15,2,,0,0,1,0,0
"POINT (9.686109469000030 52.429856433000097)",Unfall 13434 (2022) Kat:3, Licht: 0,13434,3,6,2,05,17,4,,0,0,1,0,0
"POINT (9.649075388000030 52.395961491000001)",Unfall 13437 (2022) Kat:3, Licht: 0,13437,3,6,2,04,07,3,,0,0,1,0,0
"POINT (9.728781123000029 52.494747648000001)",Unfall 13439 (2022) Kat:3, Licht: 0,13439,3,6,2,04,12,5,,0,0,1,0,1
"POINT (9.976934526000040 52.372636423000102)",Unfall 13441 (2022) Kat:3, Licht: 2,13441,3,3,5,04,20,4,,2,0,1,0,0
"POINT (9.717952895000050 52.346398520999998)",Unfall 13446 (2022) Kat:3, Licht: 1,13446,3,6,0,05,21,1,,1,0,1,0,0
"POINT (10.182758948000100 52.425436972999996)",Unfall 13449 (2022) Kat:3, Licht: 0,13449,3,1,8,04,08,3,,0,0,1,0,0
"POINT (9.941645392000050 52.498846263000097)",Unfall 13452 (2022) Kat:2, Licht: 0,13452,2,3,5,04,14,3,,0,0,1,0,0
"POINT (9.517125648000050 52.512379029000002)",Unfall 13455 (2022) Kat:3, Licht: 2,13455,3,1,8,04,03,6,,2,0,1,0,0
"POINT (9.655560977000050 52.406610233999999)",Unfall 13456 (2022) Kat:3, Licht: 2,13456,3,6,2,05,22,5,,2,0,1,0,0
"POINT (9.926071114000020 52.394372616000098)",Unfall 13458 (2022) Kat:3, Licht: 0,13458,3,6,2,05,15,2,,0,0,1,0,0
"POINT (9.403036812000041 52.426882444000100)",Unfall 13461 (2022) Kat:3, Licht: 0,13461,3,2,5,05,10,3,,0,0,1,0,0
"POINT (9.290047990000060 52.489462308000000)",Unfall 13462 (2022) Kat:3, Licht: 0,13462,3,1,8,05,17,6,,0,1,0,0,0
"POINT (10.207562973000099 52.476956950000002)",Unfall 13468 (2022) Kat:3, Licht: 0,13468,3,3,5,05,12,5,,0,0,1,0,0
"POINT (9.924676620000071 52.366227113000001)",Unfall 13472 (2022) Kat:3, Licht: 0,13472,3,2,5,04,15,5,,0,1,1,0,0
"POINT (9.461085552000039 52.402856880000101)",Unfall 13474 (2022) Kat:3, Licht: 1,13474,3,2,5,04,07,4,,1,1,1,0,0
"POINT (9.714553002000059 52.361004056000098)",Unfall 13480 (2022) Kat:3, Licht: 2,13480,3,6,2,04,05,5,,2,0,1,0,0
"POINT (9.932942768000030 52.393338886999999)",Unfall 13483 (2022) Kat:3, Licht: 0,13483,3,7,0,05,19,3,,0,0,1,0,0
"POINT (9.787486764000050 52.347903795000001)",Unfall 13491 (2022) Kat:3, Licht: 0,13491,3,6,2,05,17,6,,0,0,1,0,0
"POINT (9.872664576000030 52.348507488000102)",Unfall 13502 (2022) Kat:3, Licht: 2,13502,3,7,7,04,02,7,,2,0,1,0,0
"POINT (9.861744772000071 52.451734311999999)",Unfall 13523 (2022) Kat:3, Licht: 0,13523,3,1,8,04,15,7,,0,0,1,0,0
"POINT (9.759125206000020 52.276646272000100)",Unfall 13535 (2022) Kat:3, Licht: 0,13535,3,6,0,04,17,2,,0,1,0,0,0