WKT,Name,OBJECTID,UKATEGORIE,UTYP1,UART,UMONAT,USTUNDE,UWOCHENTAG,STRZUSTAND,ULICHTVERH,ISTRAD,ISTPKW,ISTFUSS,ISTKRAD
"POINT (9.495502000000039 52.419949834000100)",Unfall 16203 (2022) Kat:3, Licht: 0,16203,3,3,5,07,17,5,,0,0,1,0,0
"POINT (9.648335382000029 52.412726747000100)",Unfall 16207 (2022) Kat:3, Licht: 0,16207,3,3,5,05,12,7,,0,0,1,0,0
"POINT (9.757126562000050 52.319633629000101)",Unfall 16211 (2022) Kat:3, Licht: 0,16211,3,3,5,07,09,7,,0,0,1,0,0
"POINT (9.893915926000030 52.472150794000100)",Unfall 16212 (2022) Kat:3, Licht: 0,16212,3,3,5,07,09,5,,0,0,1,0,0
"POINT (9.611461792000060 52.434709124000101)",Unfall 16217 (2022) Kat:3, Licht: 0,16217,3,2,5,06,17,4,,0,1,1,0,0
"POINT (9.855657307000060 52.389280597000003)",Unfall 16219 (2022) Kat:3, Licht: 0,16219,3,7,0,07,10,6,,0,0,1,1,0
"POINT (9.726818203000050 52.366670499000101)",Unfall 16221 (2022) Kat:2, Licht: 0,16221,2,3,5,06,06,2,,0,0,1,0,0
"POINT (9.793177135000059 52.351257033000103)",Unfall 16222 (2022) Kat:3, Licht: 0,16222,3,1,0,07,07,6,,0,0,0,0,1
"POINT (9.332338589000070 52.531577837999997)",Unfall 16225 (2022) Kat:3, Licht: 0,16225,3,2,5,05,13,1,,0,0,1,0,0
"POINT (9.879597056000019 52.425506380000101)",Unfall 16228 (2022) Kat:3, Licht: 0,16228,3,6,2,07,17,2,,0,0,1,0,0
"POINT (9.727066911000071 52.439100665000097)",Unfall 16233 (2022) Kat:3, Licht: 0,16233,3,3,5,06,12,4,,0,1,1,0,0
"POINT (10.171727732000001 52.396355463000098)",Unfall 16244 (2022) Kat:3, Licht: 0,16244,3,7,8,06,12,2,,0,0,1,0,0
"POINT (9.457998434000050 52.330718450000099)",Unfall 16254 (2022) Kat:3, Licht: 0,16254,3,1,8,07,11,4,,0,0,1,0,0
"POINT (9.734529756000031 52.390955959000102)",Unfall 16256 (2022) Kat:3, Licht: 0,16256,3,6,6,06,09,7,,0,1,1,1,0
"POINT (9.669570427000050 52.214614600000097)",Unfall 16268 (2022) Kat:2, Licht: 0,16268,2,7,9,06,15,3,,0,0,1,0,0
"POINT (9.751046832000039 52.595224297000101)",Unfall 16280 (2022) Kat:3, Licht: 0,16280,3,6,2,08,10,1,,0,0,1,0,0
"POINT (9.691307936000040 52.332153765999998)",Unfall 16306 (2022) Kat:3, Licht: 0,16306,3,6,2,07,14,7,,0,0,1,0,0
"POINT (9.948953787000050 52.391472764000099)",Unfall 16316 (2022) Kat:3, Licht: 0,16316,3,6,3,07,16,5,,0,0,1,0,0
"POINT (9.827181287000030 52.354896402000101)",Unfall 16317 (2022) Kat:3, Licht: 0,16317,3,6,2,06,13,6,,0,0,1,0,0
"POINT (9.697658721000041 52.377112717999999)",Unfall 16328 (2022) Kat:3, Licht: 0,16328,3,6,2,05,16,2,,0,0,1,0,0
"POINT (9.857485429000061 52.507015029000101)",Unfall 16330 (2022) Kat:3, Licht: 0,16330,3,6,2,06,12,4,,0,1,1,0,0
"POINT (9.746498356000069 52.196001093000099)",Unfall 16331 (2022) Kat:3, Licht: 0,16331,3,6,2,07,15,2,,0,0,1,0,0
"POINT (9.855943391000039 52.388896580000100)",Unfall 16336 (2022) Kat:3, Licht: 0,16336,3,6,2,08,09,2,,0,0,1,0,0
"POINT (9.889192313000020 52.398109677000001)",Unfall 16340 (2022) Kat:1, Licht: 0,16340,1,6,2,06,19,4,,0,0,0,0,0
"POINT (9.626717911000069 52.273325731000099)",Unfall 16343 (2022) Kat:3, Licht: 0,16343,3,7,8,07,06,4,,0,0,1,0,0
"POINT (9.703354951000049 52.414042023000000)",Unfall 16351 (2022) Kat:3, Licht: 0,16351,3,6,2,05,17,4,,0,0,1,0,0
"POINT (9.589956104000070 52.438920279000101)",Unfall 16359 (2022) Kat:3, Licht: 2,16359,3,6,2,06,22,7,,2,0,1,0,0
"POINT (9.745784894000050 52.209259066000101)",Unfall 16365 (2022) Kat:3, Licht: 0,16365,3,1,8,06,13,7,,0,0,0,0,1
"POINT (9.749880878000059 52.369270636000103)",Unfall 16371 (2022) Kat:3, Licht: 0,16371,3,2,5,08,10,4,,0,1,0,0,0
"POINT (9.708805777000070 52.366043419999997)",Unfall 16381 (2022) Kat:3, Licht: 0,16381,3,2,5,07,12,1,,0,1,1,0,0
"POINT (9.407587500000030 52.534511475999999)",Unfall 16382 (2022) Kat:2, Licht: 1,16382,2,6,3,06,04,7,,1,0,1,0,0
"POINT (10.127611623000099 52.371050660000002)",Unfall 16390 (2022) Kat:3, Licht: 0,16390,3,3,5,07,06,4,,0,0,1,0,0
"POINT (9.679184296000070 52.433615517000099)",Unfall 16391 (2022) Kat:2, Licht: 0,16391,2,2,5,06,08,5,,0,0,1,0,0
"POINT (9.610495145000071 52.431590864999997)",Unfall 16393 (2022) Kat:3, Licht: 0,16393,3,6,3,08,11,6,,0,0,0,0,0
"POINT (10.123922913000101 52.372575924000003)",Unfall 16412 (2022) Kat:3, Licht: 0,16412,3,3,5,06,08,6,,0,0,1,0,0
"POINT (9.722380514000060 52.358847024000099)",Unfall 16414 (2022) Kat:3, Licht: 0,16414,3,6,2,07,19,3,,0,0,1,0,0
"POINT (9.742845583000079 52.368405949000099)",Unfall 16421 (2022) Kat:3, Licht: 2,16421,3,3,5,07,01,1,,2,0,1,0,0
"POINT (9.745285065000081 52.367279966000098)",Unfall 16425 (2022) Kat:3, Licht: 0,16425,3,3,5,06,07,5,,0,1,1,0,0
"POINT (9.816880481000060 52.363017296000102)",Unfall 16431 (2022) Kat:3, Licht: 0,16431,3,6,2,08,11,3,,0,0,1,0,1
"POINT (9.723631858000029 52.377612058000103)",Unfall 16440 (2022) Kat:3, Licht: 0,16440,3,6,3,06,09,4,,0,0,1,0,1
"POINT (9.611256317000031 52.392048793000100)",Unfall 16443 (2022) Kat:3, Licht: 0,16443,3,3,5,05,14,3,,0,1,1,0,0
"POINT (9.858428245000029 52.407288349000098)",Unfall 16449 (2022) Kat:3, Licht: 0,16449,3,1,9,08,08,6,,0,0,1,0,0
"POINT (9.853614742000049 52.560123819000097)",Unfall 16452 (2022) Kat:3, Licht: 0,16452,3,2,2,06,15,6,,0,0,1,0,0
"POINT (9.975668842000060 52.401879069000103)",Unfall 16465 (2022) Kat:3, Licht: 0,16465,3,5,1,07,11,5,,0,1,1,0,0
"POINT (9.352422573000069 52.442375628999997)",Unfall 16471 (2022) Kat:2, Licht: 0,16471,2,1,9,07,13,4,,0,0,1,0,0
"POINT (9.733531215000029 52.416619452000099)",Unfall 16480 (2022) Kat:3, Licht: 0,16480,3,3,5,07,14,1,,0,1,1,0,0
"POINT (9.913474448000040 52.512817171999998)",Unfall 16486 (2022) Kat:3, Licht: 0,16486,3,2,2,08,10,7,,0,0,1,0,1
"POINT (9.749319391000030 52.273357202000099)",Unfall 16496 (2022) Kat:3, Licht: 0,16496,3,3,5,06,18,6,,0,1,1,0,0
"POINT (9.735581314000060 52.403390451000099)",Unfall 16497 (2022) Kat:3, Licht: 0,16497,3,6,2,07,19,5,,0,0,1,0,0
"POINT (9.801766683000039 52.432025854000102)",Unfall 16518 (2022) Kat:3, Licht: 0,16518,3,2,5,05,14,2,,0,1,1,0,0
"POINT (9.575186720000030 52.279858845000000)",Unfall 16533 (2022) Kat:3, Licht: 0,16533,3,3,5,07,11,4,,0,1,1,0,0
"POINT (9.793466930000021 52.553676182000103)",Unfall 16536 (2022) Kat:3, Licht: 0,16536,3,6,2,08,14,2,,0,0,1,0,0
"POINT (9.522992128000061 52.328681201000101)",Unfall 16537 (2022) Kat:3, Licht: 0,16537,3,6,2,06,16,3,,0,0,1,0,0
"POINT (9.820340609000031 52.362456217999998)",Unfall 16544 (2022) Kat:3, Licht: 0,16544,3,7,7,07,10,4,,0,1,0,0,0
"POINT (9.697281318000019 52.380054791000099)",Unfall 16556 (2022) Kat:3, Licht: 0,16556,3,6,2,05,16,1,,0,0,1,0,0
"POINT (9.673694738000050 52.312762136000103)",Unfall 16561 (2022) Kat:3, Licht: 0,16561,3,2,2,08,15,4,,0,0,1,0,0
"POINT (9.746591074000040 52.365391608000003)",Unfall 16566 (2022) Kat:3, Licht: 0,16566,3,2,5,07,10,5,,0,0,1,0,0
"POINT (9.740204290000070 52.368253404000001)",Unfall 16572 (2022) Kat:3, Licht: 0,16572,3,3,5,06,15,5,,0,1,1,0,0
"POINT (9.699057698000050 52.375686485000102)",Unfall 16573 (2022) Kat:3, Licht: 2,16573,3,3,5,06,02,1,,2,0,1,0,0
"POINT (9.776797413000050 52.332912898000103)",Unfall 16588 (2022) Kat:3, Licht: 0,16588,3,6,2,06,09,2,,0,0,1,0,0
"POINT (9.762770986000019 52.344493624000101)",Unfall 16589 (2022) Kat:3, Licht: 0,16589,3,2,2,06,10,5,,0,0,1,0,0
"POINT (9.424405661000041 52.379924211999999)",Unfall 16590 (2022) Kat:3, Licht: 0,16590,3,1,9,06,12,6,,0,0,1,0,0
"POINT (9.677513942000081 52.369606675000099)",Unfall 16592 (2022) Kat:3, Licht: 0,16592,3,3,0,06,10,1,,0,1,0,0,0
"POINT (9.758145719000030 52.589037265999998)",Unfall 16595 (2022) Kat:3, Licht: 0,16595,3,6,2,07,11,2,,0,0,1,0,0
"POINT (9.823175752000051 52.339454140999997)",Unfall 16605 (2022) Kat:3, Licht: 0,16605,3,3,5,06,18,6,,0,1,1,0,0
"POINT (9.690536063000019 52.346794230999997)",Unfall 16614 (2022) Kat:3, Licht: 0,16614,3,6,2,07,19,7,,0,0,1,0,0
"POINT (9.667924789000040 52.343762873999999)",Unfall 16636 (2022) Kat:3, Licht: 0,16636,3,3,5,05,14,7,,0,1,1,0,0
"POINT (9.497486229000060 52.311415909000097)",Unfall 16641 (2022) Kat:3, Licht: 0,16641,3,1,9,07,15,5,,0,0,1,0,0
"POINT (9.692931910000031 52.374403141000101)",Unfall 16658 (2022) Kat:3, Licht: 0,16658,3,7,0,05,13,3,,0,1,0,0,0
"POINT (9.570984874000031 52.210053229000003)",Unfall 16662 (2022) Kat:3, Licht: 0,16662,3,6,3,06,09,4,,0,0,1,0,0
"POINT (9.723044003000039 52.459734976000000)",Unfall 16664 (2022) Kat:2, Licht: 0,16664,2,6,2,07,18,2,,0,0,1,0,0
"POINT (9.768800942000039 52.338181683000101)",Unfall 16669 (2022) Kat:3, Licht: 0,16669,3,2,5,07,18,7,,0,1,1,0,0
"POINT (9.690875968000061 52.384217546000102)",Unfall 16671 (2022) Kat:1, Licht: 0,16671,1,7,8,08,09,2,,0,0,1,0,0
"POINT (9.712920232000039 52.550116478000099)",Unfall 16672 (2022) Kat:3, Licht: 0,16672,3,6,4,06,16,2,,0,0,1,0,0
"POINT (9.684495940000030 52.347504678000099)",Unfall 16676 (2022) Kat:3, Licht: 0,16676,3,6,2,07,15,2,,0,0,1,0,0
"POINT (9.613785824000050 52.316381831999998)",Unfall 16681 (2022) Kat:3, Licht: 0,16681,3,2,5,06,07,6,,0,0,1,0,0
"POINT (9.677092093000059 52.301556341000001)",Unfall 16694 (2022) Kat:3, Licht: 0,16694,3,1,0,06,10,1,,0,1,0,0,0
"POINT (9.729944055000029 52.368617917000101)",Unfall 16701 (2022) Kat:3, Licht: 2,16701,3,1,0,07,03,7,,2,0,0,0,0
"POINT (9.584136095000080 52.416828674999998)",Unfall 16704 (2022) Kat:3, Licht: 0,16704,3,6,2,07,14,5,,0,0,1,0,0
"POINT (9.729054949000041 52.583089689000097)",Unfall 16705 (2022) Kat:3, Licht: 0,16705,3,2,2,06,07,4,,0,0,1,0,0
"POINT (9.762226111000070 52.370416054000003)",Unfall 16706 (2022) Kat:3, Licht: 0,16706,3,2,2,07,15,2,,0,0,1,0,0
"POINT (9.858782821000030 52.496447998000100)",Unfall 16709 (2022) Kat:3, Licht: 0,16709,3,6,4,06,11,6,,0,1,0,0,0
"POINT (9.680679234000021 52.359617456000102)",Unfall 16713 (2022) Kat:3, Licht: 0,16713,3,7,7,06,09,4,,0,1,0,0,0
"POINT (9.613576330000059 52.290431479000098)",Unfall 16724 (2022) Kat:2, Licht: 2,16724,2,7,9,07,03,1,,2,0,1,0,0
"POINT (10.017972895000099 52.383710485000101)",Unfall 16736 (2022) Kat:3, Licht: 0,16736,3,3,5,07,16,6,,0,0,1,0,0
"POINT (9.831943607000030 52.398999708000098)",Unfall 16737 (2022) Kat:3, Licht: 0,16737,3,7,0,06,20,2,,0,1,0,0,0
"POINT (9.355797890000080 52.445305093999998)",Unfall 16739 (2022) Kat:3, Licht: 0,16739,3,6,2,07,17,1,,0,0,1,0,0
"POINT (9.629549108000051 52.263125318999997)",Unfall 16748 (2022) Kat:3, Licht: 0,16748,3,3,5,07,13,1,,0,1,1,0,0
"POINT (9.716754149000050 52.436146104000002)",Unfall 16751 (2022) Kat:3, Licht: 0,16751,3,6,2,07,16,5,,0,0,1,0,0
"POINT (9.726811350000050 52.375694452000097)",Unfall 16756 (2022) Kat:3, Licht: 0,16756,3,2,1,08,15,1,,0,0,1,0,0
"POINT (9.551088310000070 52.340212530000002)",Unfall 16767 (2022) Kat:3, Licht: 0,16767,3,3,5,07,06,4,,0,1,0,0,0
"POINT (9.735204654000031 52.405792427000101)",Unfall 16768 (2022) Kat:3, Licht: 0,16768,3,3,5,06,13,4,,0,1,1,0,0
"POINT (9.448644949000030 52.439101580000099)",Unfall 16769 (2022) Kat:3, Licht: 0,16769,3,3,5,08,11,7,,0,0,1,0,0
"POINT (9.733239367000071 52.482189891000097)",Unfall 16775 (2022) Kat:3, Licht: 0,16775,3,3,5,06,08,5,,0,0,1,0,0
"POINT (9.734346389000050 52.438469498000103)",Unfall 16792 (2022) Kat:3, Licht: 0,16792,3,6,2,06,16,6,,0,0,1,0,0
"POINT (9.596132379000039 52.144601368000103)",Unfall 16802 (2022) Kat:3, Licht: 0,16802,3,1,8,07,16,1,,0,0,0,0,1
"POINT (10.006726944000000 52.385584263000098)",Unfall 16804 (2022) Kat:3, Licht: 0,16804,3,6,3,07,19,5,,0,0,1,0,0
"POINT (9.630501077000080 52.420920461999998)",Unfall 16810 (2022) Kat:3, Licht: 0,16810,3,6,3,08,17,5,,0,0,1,0,0
"POINT (9.452079503000050 52.388669215999997)",Unfall 16811 (2022) Kat:3, Licht: 0,16811,3,1,0,08,09,2,,0,0,0,0,1
"POINT (9.415769658000039 52.428629602000100)",Unfall 16819 (2022) Kat:3, Licht: 0,16819,3,2,0,07,12,6,,0,1,1,0,0
"POINT (9.554370060000050 52.401619177999997)",Unfall 16824 (2022) Kat:2, Licht: 1,16824,2,3,5,07,21,4,,1,0,1,0,0
"POINT (9.700026090000049 52.416224747999998)",Unfall 16826 (2022) Kat:3, Licht: 0,16826,3,3,5,07,10,7,,0,1,1,0,0
"POINT (9.645009318000060 52.431468426999999)",Unfall 16840 (2022) Kat:3, Licht: 0,16840,3,2,2,05,17,1,,0,0,1,0,1
"POINT (9.725244798000061 52.563584597999998)",Unfall 16844 (2022) Kat:2, Licht: 0,16844,2,3,5,05,15,3,,0,1,1,0,0
"POINT (9.665065205000079 52.339006974000000)",Unfall 16851 (2022) Kat:3, Licht: 0,16851,3,3,5,07,14,3,,0,1,1,0,0
"POINT (9.733996781000030 52.368885167000002)",Unfall 16865 (2022) Kat:3, Licht: 0,16865,3,2,5,07,18,3,,0,1,1,0,0
"POINT (9.731663430000030 52.431554597999998)",Unfall 16866 (2022) Kat:3, Licht: 0,16866,3,1,0,05,15,3,,0,1,0,0,0
"POINT (9.593311351000070 52.395847897000102)",Unfall 16867 (2022) Kat:2, Licht: 0,16867,2,4,6,07,16,6,,0,0,1,1,0
"POINT (9.726775731000030 52.544542190000101)",Unfall 16878 (2022) Kat:3, Licht: 1,16878,3,3,5,07,22,6,,1,1,1,0,0
"POINT (9.442264815000041 52.416794632000098)",Unfall 16883 (2022) Kat:3, Licht: 0,16883,3,2,5,06,14,3,,0,1,0,0,0
"POINT (9.571561753000029 52.325584789000096)",Unfall 16895 (2022) Kat:2, Licht: 0,16895,2,1,8,08,18,1,,0,0,1,0,0
"POINT (9.395481677000021 52.430355996000102)",Unfall 16914 (2022) Kat:3, Licht: 0,16914,3,7,0,06,08,2,,0,1,0,0,0
"POINT (9.859868923000020 52.385637025999998)",Unfall 16917 (2022) Kat:3, Licht: 0,16917,3,3,5,06,07,5,,0,0,1,0,1
"POINT (9.729395484000070 52.489851326000100)",Unfall 16921 (2022) Kat:3, Licht: 0,16921,3,6,3,07,15,2,,0,0,1,0,0
"POINT (9.785070635000070 52.385930931000097)",Unfall 16930 (2022) Kat:3, Licht: 0,16930,3,6,3,06,20,3,,0,0,1,0,0
"POINT (9.741340809000061 52.522994584000102)",Unfall 16931 (2022) Kat:3, Licht: 0,16931,3,6,6,06,07,6,,0,0,0,1,0
"POINT (9.726626736000069 52.570597548000102)",Unfall 16934 (2022) Kat:3, Licht: 0,16934,3,6,3,07,07,6,,0,1,0,0,0
"POINT (9.734251422000060 52.413750688999997)",Unfall 16944 (2022) Kat:3, Licht: 0,16944,3,3,5,07,12,3,,0,1,1,0,0
"POINT (9.521296427000040 52.415477766000002)",Unfall 16946 (2022) Kat:3, Licht: 0,16946,3,6,2,07,11,5,,0,0,1,0,0
"POINT (9.740230830000030 52.368256127999999)",Unfall 16947 (2022) Kat:3, Licht: 0,16947,3,3,5,07,08,1,,0,0,1,0,0
"POINT (9.456582667000021 52.485673734000002)",Unfall 16951 (2022) Kat:3, Licht: 0,16951,3,3,5,06,08,5,,0,0,1,0,0
"POINT (9.734757993000070 52.390237307000099)",Unfall 16954 (2022) Kat:3, Licht: 0,16954,3,6,2,06,14,7,,0,0,1,0,1
"POINT (9.870037003000050 52.359874812000001)",Unfall 16961 (2022) Kat:3, Licht: 2,16961,3,6,2,06,22,5,,2,0,1,0,0
"POINT (9.765886010000029 52.341477713000103)",Unfall 16968 (2022) Kat:3, Licht: 0,16968,3,6,2,07,13,2,,0,0,1,0,0
"POINT (10.090246326999999 52.453734892999996)",Unfall 16969 (2022) Kat:2, Licht: 0,16969,2,1,8,06,20,2,,0,0,1,0,0
"POINT (9.748767480000030 52.339400641000097)",Unfall 16975 (2022) Kat:3, Licht: 0,16975,3,6,2,07,15,7,,0,0,1,0,0
"POINT (9.609203868000071 52.442727611000102)",Unfall 16988 (2022) Kat:3, Licht: 0,16988,3,2,5,06,12,6,,0,1,1,0,0
"POINT (9.465554880000070 52.414899464000001)",Unfall 16989 (2022) Kat:3, Licht: 0,16989,3,6,2,05,12,6,,0,0,1,0,0
"POINT (9.838453853000029 52.498232219000002)",Unfall 16991 (2022) Kat:3, Licht: 0,16991,3,2,4,06,11,2,,0,0,1,0,0
"POINT (9.966521594000030 52.373375972000098)",Unfall 16994 (2022) Kat:3, Licht: 2,16994,3,6,3,07,03,7,,2,1,1,0,0
"POINT (9.718419132000070 52.393931410999997)",Unfall 17004 (2022) Kat:3, Licht: 0,17004,3,7,0,08,19,6,,0,0,0,1,0
"POINT (9.722503577000049 52.358458464000101)",Unfall 17013 (2022) Kat:3, Licht: 0,17013,3,6,2,06,15,6,,0,0,1,0,0
"POINT (9.971279315000061 52.369081666000099)",Unfall 17014 (2022) Kat:3, Licht: 0,17014,3,6,4,07,08,5,,0,0,1,0,0
"POINT (9.746261925000059 52.369079752000097)",Unfall 17017 (2022) Kat:3, Licht: 0,17017,3,3,5,08,17,4,,0,0,1,0,0
"POINT (9.709184669000020 52.408085643000000)",Unfall 17018 (2022) Kat:3, Licht: 0,17018,3,1,0,08,09,2,,0,1,0,0,0
"POINT (9.610533865000040 52.421998975000101)",Unfall 17020 (2022) Kat:3, Licht: 0,17020,3,7,3,06,08,3,,0,0,1,0,0
"POINT (9.686793968000069 52.392400748000099)",Unfall 17023 (2022) Kat:3, Licht: 0,17023,3,6,9,07,12,7,,0,0,1,0,0
"POINT (9.743306642000050 52.368208137000103)",Unfall 17024 (2022) Kat:3, Licht: 0,17024,3,2,5,07,15,5,,0,1,1,0,0
"POINT (9.706380045000060 52.365601099000102)",Unfall 17027 (2022) Kat:3, Licht: 2,17027,3,1,8,06,00,1,,2,0,1,0,1
"POINT (9.665264136000079 52.336498777000003)",Unfall 17032 (2022) Kat:3, Licht: 0,17032,3,3,5,06,10,5,,0,0,1,0,0
"POINT (9.934206332000031 52.368868142000103)",Unfall 17043 (2022) Kat:3, Licht: 0,17043,3,6,2,08,14,4,,0,0,1,0,0
"POINT (9.718303708000059 52.394157432999997)",Unfall 17061 (2022) Kat:3, Licht: 0,17061,3,6,2,07,14,3,,0,0,1,0,0
"POINT (9.740781816000039 52.247245587000101)",Unfall 17064 (2022) Kat:2, Licht: 0,17064,2,6,4,07,13,6,,0,0,1,0,0
"POINT (9.962913168000060 52.482493955000102)",Unfall 17069 (2022) Kat:3, Licht: 0,17069,3,7,8,08,09,6,,0,0,1,0,0
"POINT (9.638394714000070 52.396692788999999)",Unfall 17071 (2022) Kat:3, Licht: 0,17071,3,6,2,06,09,2,,0,0,1,0,0
"POINT (9.686589518000060 52.375014586000098)",Unfall 17072 (2022) Kat:3, Licht: 2,17072,3,7,0,06,00,6,,2,1,0,0,0
"POINT (9.537449373000070 52.402232460000100)",Unfall 17076 (2022) Kat:3, Licht: 2,17076,3,6,4,07,03,7,,2,0,1,0,0
"POINT (9.836258950000060 52.489962262000098)",Unfall 17082 (2022) Kat:3, Licht: 0,17082,3,2,5,08,07,5,,0,1,1,0,0
"POINT (9.715710450000071 52.397783822000100)",Unfall 17093 (2022) Kat:3, Licht: 2,17093,3,7,1,08,02,1,,2,0,1,0,0
"POINT (9.668969448000039 52.344958966000000)",Unfall 17104 (2022) Kat:3, Licht: 0,17104,3,2,5,07,11,3,,0,0,1,0,0
"POINT (9.797788259000070 52.539768676000101)",Unfall 17106 (2022) Kat:3, Licht: 0,17106,3,6,2,08,11,7,,0,0,1,0,0
"POINT (9.983172338000029 52.459444681000001)",Unfall 17111 (2022) Kat:3, Licht: 0,17111,3,6,2,07,15,2,,0,0,1,0,0
"POINT (9.737733227000041 52.368225914999996)",Unfall 17115 (2022) Kat:3, Licht: 0,17115,3,6,4,06,16,5,,0,1,0,0,0
"POINT (9.732395349000059 52.383504226000099)",Unfall 17121 (2022) Kat:3, Licht: 0,17121,3,6,2,08,08,3,,0,0,1,0,0
"POINT (9.734084560000040 52.415157259000097)",Unfall 17130 (2022) Kat:3, Licht: 0,17130,3,6,2,07,11,3,,0,0,1,0,0
"POINT (9.722308157000040 52.378456760000098)",Unfall 17137 (2022) Kat:3, Licht: 2,17137,3,6,3,07,23,7,,2,0,1,0,0
"POINT (9.784489136000049 52.358652862000000)",Unfall 17145 (2022) Kat:2, Licht: 0,17145,2,6,2,06,14,6,,0,0,0,0,1
"POINT (9.451960750000071 52.504881120000100)",Unfall 17162 (2022) Kat:3, Licht: 0,17162,3,4,6,07,16,4,,0,1,0,1,0
"POINT (9.629231879000031 52.421906286000102)",Unfall 17178 (2022) Kat:3, Licht: 0,17178,3,6,2,07,16,5,,0,0,1,0,1
"POINT (9.853886688000051 52.565387043000001)",Unfall 17179 (2022) Kat:3, Licht: 0,17179,3,1,0,06,15,6,,0,0,0,0,1
"POINT (9.760917365000070 52.273813148999999)",Unfall 17181 (2022) Kat:3, Licht: 0,17181,3,3,5,07,16,3,,0,1,1,0,0
"POINT (9.419406068000059 52.465463302000003)",Unfall 17183 (2022) Kat:2, Licht: 0,17183,2,3,5,06,15,4,,0,0,1,0,0
"POINT (9.837313614000040 52.396992668000102)",Unfall 17185 (2022) Kat:3, Licht: 0,17185,3,2,5,07,10,7,,0,1,1,0,0
"POINT (9.819301008000020 52.384751794000103)",Unfall 17190 (2022) Kat:3, Licht: 0,17190,3,7,9,05,12,2,,0,0,1,0,0
"POINT (9.608035051000060 52.289993604000102)",Unfall 17192 (2022) Kat:3, Licht: 0,17192,3,3,5,06,10,4,,0,0,1,0,0
"POINT (9.886422786000031 52.312304161999997)",Unfall 17193 (2022) Kat:2, Licht: 0,17193,2,7,9,07,17,3,,0,0,1,0,0
"POINT (9.701776665000070 52.276880101000103)",Unfall 17195 (2022) Kat:3, Licht: 0,17195,3,2,5,08,12,6,,0,0,1,0,0
"POINT (9.734880961000041 52.391369427000001)",Unfall 17211 (2022) Kat:3, Licht: 0,17211,3,4,6,07,20,2,,0,0,1,1,0
"POINT (9.697731006000030 52.377154513000100)",Unfall 17213 (2022) Kat:3, Licht: 0,17213,3,6,2,05,16,4,,0,0,1,0,0
"POINT (9.625245695000050 52.393937503000103)",Unfall 17220 (2022) Kat:3, Licht: 0,17220,3,5,2,06,18,3,,0,0,1,0,1
"POINT (9.727387094000051 52.574665513000099)",Unfall 17225 (2022) Kat:3, Licht: 0,17225,3,7,8,07,20,1,,0,0,0,0,0
"POINT (9.590900180000061 52.399324903000000)",Unfall 17227 (2022) Kat:3, Licht: 0,17227,3,6,8,05,13,1,,0,1,0,0,0
"POINT (9.740218549000080 52.368254867000097)",Unfall 17231 (2022) Kat:3, Licht: 0,17231,3,2,5,05,16,3,,0,1,1,0,0
"POINT (9.665577500000040 52.357681566000103)",Unfall 17233 (2022) Kat:3, Licht: 0,17233,3,3,5,08,13,4,,0,0,1,0,0
"POINT (9.484458327000031 52.303923655000098)",Unfall 17241 (2022) Kat:3, Licht: 0,17241,3,3,5,07,10,6,,0,0,1,0,0
"POINT (9.757896825000049 52.350166828000098)",Unfall 17256 (2022) Kat:3, Licht: 0,17256,3,5,1,06,19,7,,0,1,0,0,0
"POINT (9.420289353000040 52.448206644999999)",Unfall 17260 (2022) Kat:3, Licht: 0,17260,3,7,0,06,07,6,,0,0,0,0,1
"POINT (9.747114178000061 52.364524330000101)",Unfall 17267 (2022) Kat:3, Licht: 0,17267,3,2,5,07,17,4,,0,1,1,0,0
"POINT (9.723867243000029 52.555145485000097)",Unfall 17274 (2022) Kat:3, Licht: 0,17274,3,7,0,05,10,5,,0,1,0,0,0
"POINT (9.748446730000071 52.452713561000103)",Unfall 17286 (2022) Kat:3, Licht: 0,17286,3,7,0,06,18,3,,0,1,0,0,0
"POINT (9.823069016000030 52.285638972000100)",Unfall 17292 (2022) Kat:3, Licht: 0,17292,3,3,5,07,14,3,,0,1,1,0,0
"POINT (9.975395470000020 52.360121409000001)",Unfall 17310 (2022) Kat:3, Licht: 0,17310,3,6,2,06,16,3,,0,0,1,0,0
"POINT (9.735079998000060 52.407234852000002)",Unfall 17312 (2022) Kat:3, Licht: 0,17312,3,6,3,05,13,4,,0,0,1,0,0
"POINT (10.023297513999999 52.355040952000103)",Unfall 17328 (2022) Kat:3, Licht: 0,17328,3,2,2,06,18,4,,0,0,1,0,1
"POINT (9.591171604000071 52.396774288000103)",Unfall 17333 (2022) Kat:3, Licht: 0,17333,3,6,3,08,16,5,,0,1,1,0,0
"POINT (9.609250689000021 52.405877990000100)",Unfall 17337 (2022) Kat:3, Licht: 0,17337,3,2,5,06,18,4,,0,0,1,0,1
"POINT (9.580733675000030 52.418015712000098)",Unfall 17338 (2022) Kat:3, Licht: 0,17338,3,6,2,06,11,4,,0,0,1,0,0
"POINT (9.692987647000050 52.430233182999999)",Unfall 17354 (2022) Kat:3, Licht: 0,17354,3,6,2,06,17,5,,0,0,1,0,0