WKT,Name,OBJECTID,UKATEGORIE,UTYP1,UART,UMONAT,USTUNDE,UWOCHENTAG,STRZUSTAND,ULICHTVERH,ISTRAD,ISTPKW,ISTFUSS,ISTKRAD
"POINT (10.127110239000000 52.363436971000098)",Unfall 17355 (2022) Kat:3, Licht: 0,17355,3,7,8,06,17,1,,0,0,0,0,0
"POINT (9.650195964000030 52.393418115000003)",Unfall 17359 (2022) Kat:3, Licht: 0,17359,3,6,4,07,05,6,,0,1,0,0,0
"POINT (9.738872523000049 52.609397403999999)",Unfall 17379 (2022) Kat:3, Licht: 0,17379,3,6,2,06,11,1,,0,0,1,0,0
"POINT (9.577284273000030 52.423261608000097)",Unfall 17381 (2022) Kat:3, Licht: 0,17381,3,1,9,06,06,7,,0,0,1,0,0
"POINT (9.606356116000031 52.313169861000098)",Unfall 17383 (2022) Kat:2, Licht: 0,17383,2,7,0,07,10,2,,0,1,0,0,0
"POINT (9.723536109000070 52.377901094999999)",Unfall 17388 (2022) Kat:3, Licht: 0,17388,3,3,5,07,10,4,,0,1,1,0,0
"POINT (9.743289999000069 52.368193609000102)",Unfall 17394 (2022) Kat:3, Licht: 0,17394,3,2,5,06,10,2,,0,1,1,0,0
"POINT (9.433141034000069 52.422159196000102)",Unfall 17395 (2022) Kat:3, Licht: 0,17395,3,3,5,06,19,5,,0,0,1,0,0
"POINT (9.736082055000050 52.400067585000002)",Unfall 17400 (2022) Kat:3, Licht: 0,17400,3,3,5,07,20,7,,0,1,1,0,0
"POINT (10.012332039000100 52.448273045000100)",Unfall 17407 (2022) Kat:3, Licht: 0,17407,3,1,0,06,10,7,,0,1,0,0,0
"POINT (9.963797406000030 52.316072747000099)",Unfall 17412 (2022) Kat:3, Licht: 0,17412,3,2,0,06,20,7,,0,1,0,0,1
"POINT (9.496794602000019 52.538274398000098)",Unfall 17418 (2022) Kat:3, Licht: 0,17418,3,3,5,08,15,4,,0,0,1,0,0
"POINT (9.928467690000049 52.346816791999998)",Unfall 17427 (2022) Kat:3, Licht: 0,17427,3,3,1,06,12,2,,0,0,1,0,0
"POINT (9.799410626000050 52.409539721999998)",Unfall 17438 (2022) Kat:3, Licht: 0,17438,3,2,5,06,07,5,,0,1,1,0,0
"POINT (9.750080829000069 52.369281613000098)",Unfall 17439 (2022) Kat:3, Licht: 0,17439,3,6,0,06,18,7,,0,1,0,0,0
"POINT (9.732111272000051 52.383372139000102)",Unfall 17443 (2022) Kat:3, Licht: 0,17443,3,2,3,06,12,6,,0,1,1,0,0
"POINT (10.032097093000100 52.523295621000003)",Unfall 17461 (2022) Kat:3, Licht: 0,17461,3,6,2,08,16,1,,0,0,1,0,0
"POINT (9.466290755000051 52.320829947999997)",Unfall 17467 (2022) Kat:3, Licht: 0,17467,3,7,8,07,15,1,,0,0,1,0,0
"POINT (9.724296611000060 52.377472501000099)",Unfall 17473 (2022) Kat:3, Licht: 0,17473,3,1,0,06,14,4,,0,1,0,0,0
"POINT (10.000553260000100 52.461943254000097)",Unfall 17477 (2022) Kat:3, Licht: 0,17477,3,7,4,08,06,3,,0,0,1,0,0
"POINT (9.558988096000061 52.400619505000101)",Unfall 17478 (2022) Kat:3, Licht: 0,17478,3,3,5,08,06,1,,0,0,1,0,0
"POINT (9.734255101000031 52.387041286000098)",Unfall 17483 (2022) Kat:3, Licht: 0,17483,3,6,2,06,20,5,,0,0,1,0,0
"POINT (9.696379806000040 52.420317356000098)",Unfall 17492 (2022) Kat:3, Licht: 0,17492,3,6,6,07,16,4,,0,1,0,1,0
"POINT (9.611460272000039 52.345861362000100)",Unfall 17498 (2022) Kat:3, Licht: 0,17498,3,7,8,06,15,1,,0,0,1,0,0
"POINT (9.713488033000029 52.346482274000003)",Unfall 17499 (2022) Kat:3, Licht: 0,17499,3,6,1,08,13,7,,0,0,1,0,0
"POINT (9.718322326000020 52.346047231999997)",Unfall 17507 (2022) Kat:3, Licht: 0,17507,3,6,2,07,13,7,,0,0,1,0,0
"POINT (9.869399953000030 52.360399754000099)",Unfall 17511 (2022) Kat:3, Licht: 0,17511,3,3,5,07,07,2,,0,0,1,0,0
"POINT (9.976936247000030 52.372592525000101)",Unfall 17516 (2022) Kat:3, Licht: 1,17516,3,3,5,08,20,2,,1,0,1,0,0
"POINT (9.630236580000030 52.263344099999998)",Unfall 17519 (2022) Kat:3, Licht: 0,17519,3,7,0,06,12,4,,0,0,0,0,1
"POINT (9.419553689000050 52.429282822000097)",Unfall 17525 (2022) Kat:3, Licht: 0,17525,3,2,5,08,11,2,,0,1,1,0,0
"POINT (9.800053751000060 52.406790143000102)",Unfall 17527 (2022) Kat:3, Licht: 0,17527,3,4,0,07,16,1,,0,0,0,1,0
"POINT (10.128128014000000 52.363255337000098)",Unfall 17528 (2022) Kat:3, Licht: 2,17528,3,7,8,06,01,1,,2,0,1,0,0
"POINT (9.743250830000020 52.368177480000000)",Unfall 17529 (2022) Kat:2, Licht: 0,17529,2,2,0,06,08,4,,0,1,1,0,0
"POINT (9.731585326000070 52.369548813000101)",Unfall 17532 (2022) Kat:3, Licht: 0,17532,3,6,2,07,05,6,,0,0,1,0,1
"POINT (9.794093807000021 52.552912155000101)",Unfall 17542 (2022) Kat:3, Licht: 0,17542,3,6,2,07,13,6,,0,0,1,0,0
"POINT (9.676964108000050 52.357068164000097)",Unfall 17543 (2022) Kat:3, Licht: 2,17543,3,2,5,07,21,1,,2,0,1,0,0
"POINT (9.707516142000030 52.410023692000003)",Unfall 17548 (2022) Kat:3, Licht: 0,17548,3,2,5,05,17,2,,0,1,0,0,0
"POINT (9.733685357000070 52.369145608000103)",Unfall 17549 (2022) Kat:3, Licht: 0,17549,3,6,2,08,14,5,,0,0,1,0,0
"POINT (9.728345256000070 52.292695676000100)",Unfall 17558 (2022) Kat:3, Licht: 0,17558,3,2,5,08,16,1,,0,0,1,0,0
"POINT (9.827218008000051 52.350950333000100)",Unfall 17559 (2022) Kat:3, Licht: 0,17559,3,3,5,06,12,5,,0,1,1,0,0
"POINT (9.490300671000060 52.316310516999998)",Unfall 17575 (2022) Kat:3, Licht: 0,17575,3,1,8,08,06,3,,0,0,1,0,0
"POINT (9.727250189000070 52.318391933999997)",Unfall 17581 (2022) Kat:3, Licht: 0,17581,3,1,8,06,05,1,,0,1,0,0,0
"POINT (9.722520343000040 52.362505212000002)",Unfall 17588 (2022) Kat:3, Licht: 0,17588,3,3,5,08,16,3,,0,1,0,0,0
"POINT (9.497108958000069 52.274448313999997)",Unfall 17595 (2022) Kat:3, Licht: 0,17595,3,1,8,06,15,6,,0,0,0,0,1
"POINT (9.628437219000030 52.295864141999999)",Unfall 17597 (2022) Kat:3, Licht: 0,17597,3,1,9,07,12,3,,0,0,0,0,1
"POINT (9.450751196000059 52.467358075000000)",Unfall 17598 (2022) Kat:3, Licht: 0,17598,3,1,0,06,14,2,,0,1,0,0,0
"POINT (9.775634244000059 52.269759432999997)",Unfall 17600 (2022) Kat:3, Licht: 2,17600,3,1,0,06,02,7,,2,0,0,0,1
"POINT (10.206502107000100 52.473578948000103)",Unfall 17605 (2022) Kat:3, Licht: 0,17605,3,2,4,07,18,1,,0,0,1,0,0
"POINT (9.723665768000050 52.379397375000103)",Unfall 17606 (2022) Kat:3, Licht: 0,17606,3,7,0,05,09,2,,0,0,1,0,0
"POINT (9.446115381000030 52.330194636999998)",Unfall 17613 (2022) Kat:1, Licht: 0,17613,1,1,1,08,19,5,,0,0,1,0,0
"POINT (9.750059261000050 52.369280429000099)",Unfall 17620 (2022) Kat:3, Licht: 0,17620,3,3,5,06,07,6,,0,1,1,0,0
"POINT (9.767077900000061 52.339753632000097)",Unfall 17621 (2022) Kat:3, Licht: 0,17621,3,5,3,07,18,5,,0,1,1,0,0
"POINT (9.696061074000060 52.380087734000000)",Unfall 17625 (2022) Kat:3, Licht: 0,17625,3,1,9,05,06,7,,0,0,1,0,0
"POINT (9.456937725000049 52.500274601999998)",Unfall 17635 (2022) Kat:3, Licht: 0,17635,3,2,5,06,13,4,,0,1,1,0,0
"POINT (9.904258799000051 52.273666435000102)",Unfall 17649 (2022) Kat:1, Licht: 2,17649,1,1,8,07,22,3,,2,0,1,0,0
"POINT (9.721094861000040 52.337746828000000)",Unfall 17663 (2022) Kat:3, Licht: 0,17663,3,6,3,08,17,6,,0,0,1,0,0
"POINT (9.872464067000070 52.310667375999998)",Unfall 17666 (2022) Kat:3, Licht: 0,17666,3,2,4,08,15,2,,0,0,1,0,0
"POINT (9.770174091000060 52.427028546000003)",Unfall 17671 (2022) Kat:3, Licht: 0,17671,3,6,3,06,08,5,,0,0,1,0,0
"POINT (9.833319790000081 52.338242618000002)",Unfall 17681 (2022) Kat:3, Licht: 0,17681,3,7,0,05,06,4,,0,1,0,0,0
"POINT (9.550691790000030 52.328046933000103)",Unfall 17696 (2022) Kat:3, Licht: 0,17696,3,5,1,05,14,1,,0,1,1,0,0
"POINT (9.910906216000059 52.436178360000000)",Unfall 17699 (2022) Kat:3, Licht: 0,17699,3,6,2,07,17,2,,0,0,1,0,0
"POINT (9.657927193000029 52.167049458000101)",Unfall 17700 (2022) Kat:3, Licht: 0,17700,3,3,5,05,12,3,,0,0,1,0,1
"POINT (10.018640254999999 52.519364804000098)",Unfall 17705 (2022) Kat:3, Licht: 0,17705,3,3,0,06,09,4,,0,1,1,0,0
"POINT (9.646897975000060 52.413553024000102)",Unfall 17726 (2022) Kat:3, Licht: 0,17726,3,6,2,08,16,6,,0,0,1,0,1
"POINT (9.798218690000059 52.412700100999999)",Unfall 17728 (2022) Kat:3, Licht: 0,17728,3,2,5,06,07,6,,0,1,1,0,0
"POINT (9.735245801000080 52.394478487000100)",Unfall 17737 (2022) Kat:2, Licht: 0,17737,2,4,6,05,18,2,,0,0,1,1,0
"POINT (9.829177421000050 52.416803781000098)",Unfall 17741 (2022) Kat:3, Licht: 0,17741,3,3,5,07,18,3,,0,0,1,0,0
"POINT (9.740860714000060 52.299962385000100)",Unfall 17743 (2022) Kat:3, Licht: 0,17743,3,7,0,07,10,5,,0,1,0,0,0
"POINT (9.645990315000059 52.408331884000098)",Unfall 17744 (2022) Kat:1, Licht: 2,17744,1,6,6,05,22,5,,2,0,1,1,0
"POINT (9.839463852000049 52.490419551000102)",Unfall 17748 (2022) Kat:3, Licht: 0,17748,3,6,2,08,18,1,,0,0,1,0,0
"POINT (9.734021774000039 52.387087659000002)",Unfall 17749 (2022) Kat:3, Licht: 0,17749,3,2,5,06,13,5,,0,1,1,0,0
"POINT (9.727407200000069 52.438995471000098)",Unfall 17763 (2022) Kat:3, Licht: 0,17763,3,2,5,06,11,7,,0,1,1,0,0
"POINT (9.719071474000030 52.353154200000098)",Unfall 17768 (2022) Kat:3, Licht: 0,17768,3,1,9,06,18,5,,0,0,1,0,0
"POINT (9.903827612000040 52.444848667000002)",Unfall 17778 (2022) Kat:3, Licht: 0,17778,3,3,5,08,15,3,,0,1,1,0,0
"POINT (9.514255651000040 52.576012210999998)",Unfall 17785 (2022) Kat:3, Licht: 0,17785,3,6,2,06,14,6,,0,0,0,0,1
"POINT (9.719622426000059 52.367756899000000)",Unfall 17786 (2022) Kat:3, Licht: 0,17786,3,6,2,05,14,6,,0,1,0,0,0
"POINT (9.709120994000051 52.614468380000098)",Unfall 17788 (2022) Kat:2, Licht: 2,17788,2,1,8,06,00,2,,2,0,1,0,0
"POINT (9.574057642000071 52.421679472999998)",Unfall 17789 (2022) Kat:3, Licht: 0,17789,3,3,5,06,11,4,,0,1,1,0,0
"POINT (9.923810221000050 52.383330428000100)",Unfall 17791 (2022) Kat:2, Licht: 0,17791,2,3,5,07,19,7,,0,1,1,0,0
"POINT (9.726890492000051 52.381051319999997)",Unfall 17792 (2022) Kat:3, Licht: 0,17792,3,6,2,06,17,5,,0,0,1,0,0
"POINT (9.663491061000061 52.323577229000101)",Unfall 17794 (2022) Kat:3, Licht: 0,17794,3,1,6,07,18,7,,0,1,0,1,0
"POINT (9.792239963000039 52.557599252999999)",Unfall 17798 (2022) Kat:3, Licht: 2,17798,3,7,9,06,22,4,,2,0,1,0,0
"POINT (9.734146546000030 52.387920303999998)",Unfall 17801 (2022) Kat:3, Licht: 0,17801,3,6,3,08,15,6,,0,0,0,0,1
"POINT (9.491863839000080 52.294250456000000)",Unfall 17802 (2022) Kat:3, Licht: 0,17802,3,5,1,06,08,6,,0,0,1,0,0
"POINT (9.697750983000050 52.376348116000003)",Unfall 17815 (2022) Kat:3, Licht: 0,17815,3,6,2,05,12,7,,0,0,1,0,0
"POINT (9.803714349000071 52.407546726000099)",Unfall 17818 (2022) Kat:3, Licht: 0,17818,3,3,5,05,07,4,,0,1,1,0,0
"POINT (9.729872162000049 52.371996223000103)",Unfall 17825 (2022) Kat:3, Licht: 0,17825,3,6,4,06,15,3,,0,1,0,0,0
"POINT (9.964225135000049 52.315956867000097)",Unfall 17827 (2022) Kat:3, Licht: 0,17827,3,3,5,07,12,6,,0,0,1,0,0
"POINT (10.066195912000101 52.394980595000000)",Unfall 17829 (2022) Kat:3, Licht: 0,17829,3,1,0,07,20,6,,0,1,0,0,0
"POINT (9.700176676000069 52.372266488000001)",Unfall 17833 (2022) Kat:3, Licht: 0,17833,3,6,2,07,18,4,,0,0,1,0,0
"POINT (9.717667114000051 52.395903353999998)",Unfall 17835 (2022) Kat:3, Licht: 0,17835,3,1,0,07,14,2,,0,0,0,0,1
"POINT (9.552980260000030 52.203239068000101)",Unfall 17838 (2022) Kat:2, Licht: 0,17838,2,1,8,08,05,4,,0,0,1,0,0
"POINT (9.614064746000050 52.392231639999999)",Unfall 17840 (2022) Kat:3, Licht: 0,17840,3,2,5,06,14,4,,0,0,1,0,0
"POINT (9.714755504000040 52.366586637000097)",Unfall 17842 (2022) Kat:2, Licht: 0,17842,2,2,3,07,10,3,,0,1,0,0,0
"POINT (9.429760754000030 52.426753365000103)",Unfall 17843 (2022) Kat:3, Licht: 0,17843,3,6,2,07,15,4,,0,0,1,0,0
"POINT (9.725000065000071 52.367644571000000)",Unfall 17856 (2022) Kat:3, Licht: 0,17856,3,5,1,05,20,3,,0,0,1,0,0
"POINT (9.936088600000060 52.443922584000099)",Unfall 17862 (2022) Kat:3, Licht: 0,17862,3,1,8,08,08,6,,0,0,1,0,0
"POINT (9.710059814000029 52.346727343000097)",Unfall 17869 (2022) Kat:3, Licht: 0,17869,3,6,2,07,09,7,,0,0,1,0,0
"POINT (9.792943595000050 52.217287747000100)",Unfall 17873 (2022) Kat:2, Licht: 0,17873,2,2,5,06,10,3,,0,1,1,0,0
"POINT (9.735665626000070 52.400832926000099)",Unfall 17887 (2022) Kat:3, Licht: 0,17887,3,6,2,08,13,3,,0,0,1,0,0
"POINT (9.662664577000040 52.341832796000098)",Unfall 17893 (2022) Kat:3, Licht: 0,17893,3,2,5,08,19,6,,0,1,1,0,0
"POINT (9.734199193000050 52.615139540000001)",Unfall 17901 (2022) Kat:3, Licht: 0,17901,3,6,2,08,15,2,,0,0,1,0,0
"POINT (9.859436669000051 52.491502926000102)",Unfall 17921 (2022) Kat:3, Licht: 0,17921,3,3,5,09,08,1,,0,1,1,0,0
"POINT (9.738294800000061 52.427362322000100)",Unfall 17924 (2022) Kat:3, Licht: 2,17924,3,6,9,09,05,5,,2,0,1,0,0
"POINT (9.734176744000020 52.438592552000003)",Unfall 17931 (2022) Kat:3, Licht: 0,17931,3,7,0,08,17,2,,0,0,0,1,0
"POINT (9.614803919000050 52.405645641000000)",Unfall 17933 (2022) Kat:3, Licht: 0,17933,3,4,6,08,12,4,,0,0,1,1,0
"POINT (9.593191740000069 52.287546503999998)",Unfall 17935 (2022) Kat:1, Licht: 0,17935,1,1,9,08,17,3,,0,0,0,0,1
"POINT (9.572384934000070 52.210550016000099)",Unfall 17938 (2022) Kat:3, Licht: 0,17938,3,1,9,08,16,2,,0,0,1,0,0
"POINT (9.799042095000059 52.311973910000098)",Unfall 17963 (2022) Kat:2, Licht: 0,17963,2,7,2,09,12,5,,0,0,1,0,0
"POINT (9.686687467000070 52.329728193000101)",Unfall 17965 (2022) Kat:3, Licht: 0,17965,3,7,8,09,10,2,,0,0,1,0,0
"POINT (9.716044750000041 52.447004547000098)",Unfall 17967 (2022) Kat:3, Licht: 0,17967,3,1,8,08,11,4,,0,0,1,0,0
"POINT (9.734321926000060 52.387546147000101)",Unfall 17968 (2022) Kat:3, Licht: 2,17968,3,7,0,09,01,4,,2,0,0,0,0
"POINT (9.607676028000069 52.432647158000101)",Unfall 17971 (2022) Kat:3, Licht: 2,17971,3,7,0,09,00,1,,2,1,0,0,0
"POINT (9.743182854000050 52.368483191999999)",Unfall 17972 (2022) Kat:3, Licht: 0,17972,3,4,6,08,09,3,,0,0,0,1,0
"POINT (9.606236039000070 52.433037232000103)",Unfall 17984 (2022) Kat:3, Licht: 0,17984,3,2,4,08,14,4,,0,1,1,0,0
"POINT (9.725035031000060 52.317925186000103)",Unfall 17986 (2022) Kat:3, Licht: 0,17986,3,1,0,08,11,3,,0,1,0,0,0
"POINT (9.829350977000050 52.360921494000102)",Unfall 17987 (2022) Kat:2, Licht: 0,17987,2,7,0,08,12,6,,0,1,0,0,0
"POINT (9.793367541000070 52.313530317000101)",Unfall 17998 (2022) Kat:3, Licht: 0,17998,3,7,0,09,16,3,,0,1,0,0,0
"POINT (9.731295001000030 52.382571958000000)",Unfall 18006 (2022) Kat:3, Licht: 0,18006,3,6,2,08,17,2,,0,0,1,0,0
"POINT (9.472072538000081 52.301596224000001)",Unfall 18010 (2022) Kat:2, Licht: 2,18010,2,1,1,08,00,1,,2,1,1,0,0
"POINT (9.836172768000040 52.489942220000003)",Unfall 18012 (2022) Kat:3, Licht: 0,18012,3,3,5,08,07,3,,0,0,1,0,0
"POINT (9.777747449000060 52.371416354000097)",Unfall 18023 (2022) Kat:3, Licht: 0,18023,3,2,5,09,10,5,,0,0,1,0,0
"POINT (9.735829085000031 52.401790318000103)",Unfall 18027 (2022) Kat:3, Licht: 0,18027,3,6,2,09,11,2,,0,0,1,0,0
"POINT (9.771781291000019 52.342960258000097)",Unfall 18031 (2022) Kat:3, Licht: 0,18031,3,6,2,09,18,5,,0,0,1,0,0
"POINT (9.735642083000069 52.402998017000101)",Unfall 18033 (2022) Kat:3, Licht: 0,18033,3,6,3,08,10,1,,0,0,1,0,1
"POINT (9.829692914000081 52.360958993000096)",Unfall 18034 (2022) Kat:3, Licht: 0,18034,3,7,1,09,15,2,,0,1,1,0,0
"POINT (9.668100178000030 52.343764407000002)",Unfall 18037 (2022) Kat:3, Licht: 0,18037,3,3,5,09,06,4,,0,0,0,0,0
"POINT (9.859669433000020 52.457942949000000)",Unfall 18054 (2022) Kat:3, Licht: 0,18054,3,6,3,08,10,2,,0,0,1,0,0
"POINT (9.816807798000070 52.285389490999997)",Unfall 18056 (2022) Kat:3, Licht: 0,18056,3,6,2,08,17,6,,0,0,1,0,0
"POINT (9.756731116000029 52.334279613000000)",Unfall 18060 (2022) Kat:2, Licht: 0,18060,2,6,6,09,18,5,,0,1,0,1,0
"POINT (9.743385271000021 52.603911494999998)",Unfall 18062 (2022) Kat:3, Licht: 0,18062,3,6,2,08,11,1,,0,0,1,0,0
"POINT (9.668782613000079 52.397354823000100)",Unfall 18078 (2022) Kat:3, Licht: 0,18078,3,6,2,08,13,6,,0,0,1,0,0
"POINT (9.719806167000060 52.337109302999998)",Unfall 18089 (2022) Kat:2, Licht: 2,18089,2,6,9,08,22,3,,2,0,1,0,1
"POINT (9.792985298000080 52.393719331000099)",Unfall 18091 (2022) Kat:3, Licht: 0,18091,3,2,3,08,14,7,,0,0,1,0,0
"POINT (9.903163277000029 52.493391762000002)",Unfall 18094 (2022) Kat:1, Licht: 0,18094,1,1,8,09,16,2,,0,0,1,0,0
"POINT (9.646106773000040 52.405472817000003)",Unfall 18097 (2022) Kat:3, Licht: 0,18097,3,6,2,09,14,5,,0,0,1,0,0
"POINT (9.827184436000040 52.347486566000001)",Unfall 18117 (2022) Kat:3, Licht: 0,18117,3,6,4,08,11,4,,0,1,0,0,0
"POINT (9.841396988000040 52.487152207000101)",Unfall 18121 (2022) Kat:3, Licht: 0,18121,3,6,2,08,11,5,,0,0,1,0,0
"POINT (9.734294989000031 52.411058380999997)",Unfall 18123 (2022) Kat:3, Licht: 0,18123,3,3,5,09,15,5,,0,1,1,0,0
"POINT (9.647284142000050 52.423937526000003)",Unfall 18124 (2022) Kat:3, Licht: 0,18124,3,1,0,08,17,1,,0,0,0,0,1
"POINT (9.824779809000059 52.308076732000103)",Unfall 18126 (2022) Kat:3, Licht: 0,18126,3,6,2,08,08,3,,0,0,1,0,0
"POINT (9.813909516000020 52.365040539000098)",Unfall 18148 (2022) Kat:3, Licht: 0,18148,3,5,0,08,17,2,,0,1,0,0,0
"POINT (9.856034907000041 52.358812903999997)",Unfall 18150 (2022) Kat:3, Licht: 1,18150,3,5,1,09,19,7,,1,1,1,0,0
"POINT (9.730976482000070 52.382497935000103)",Unfall 18152 (2022) Kat:3, Licht: 0,18152,3,6,0,09,16,2,,0,1,0,0,0
"POINT (9.798998730000051 52.411033412000101)",Unfall 18156 (2022) Kat:3, Licht: 0,18156,3,5,1,08,13,3,,0,0,1,0,0
"POINT (9.735151061000071 52.438345402000003)",Unfall 18157 (2022) Kat:3, Licht: 0,18157,3,3,5,08,13,7,,0,1,1,0,0
"POINT (9.841974723000019 52.416187876000002)",Unfall 18158 (2022) Kat:3, Licht: 0,18158,3,3,5,08,18,5,,0,0,1,0,0
"POINT (9.733400448000051 52.437376893000099)",Unfall 18159 (2022) Kat:3, Licht: 1,18159,3,4,6,08,20,2,,1,0,1,1,0
"POINT (9.626704372000059 52.423495572000000)",Unfall 18164 (2022) Kat:3, Licht: 0,18164,3,6,2,09,13,5,,0,0,1,0,0
"POINT (10.077862247000001 52.366818963000100)",Unfall 18166 (2022) Kat:3, Licht: 2,18166,3,6,8,08,21,1,,2,0,1,0,0
"POINT (9.722503356000059 52.378615787000101)",Unfall 18169 (2022) Kat:3, Licht: 0,18169,3,2,5,08,10,4,,0,1,0,0,0
"POINT (9.974053156000020 52.403936655999999)",Unfall 18171 (2022) Kat:3, Licht: 0,18171,3,7,9,08,12,6,,0,0,1,0,0
"POINT (9.837129395000030 52.276910354000101)",Unfall 18178 (2022) Kat:3, Licht: 0,18178,3,7,0,09,11,6,,0,1,0,0,0
"POINT (9.751768775000070 52.594518691000097)",Unfall 18189 (2022) Kat:3, Licht: 0,18189,3,6,2,08,15,5,,0,0,1,0,0
"POINT (10.105454487999999 52.389624634000000)",Unfall 18196 (2022) Kat:2, Licht: 0,18196,2,2,4,08,19,4,,0,0,1,0,0
"POINT (9.643789961000040 52.434713966000103)",Unfall 18202 (2022) Kat:3, Licht: 0,18202,3,2,5,08,07,4,,0,0,1,0,1
"POINT (9.761525909000060 52.370488358000003)",Unfall 18204 (2022) Kat:3, Licht: 0,18204,3,6,2,08,14,3,,0,0,1,0,0
"POINT (10.171053827000000 52.397289974000003)",Unfall 18210 (2022) Kat:2, Licht: 0,18210,2,1,8,09,15,5,,0,0,0,0,1
"POINT (9.746081371000059 52.369072866000103)",Unfall 18216 (2022) Kat:3, Licht: 0,18216,3,6,2,09,09,3,,0,0,1,0,0
"POINT (9.748169106000031 52.598235771000098)",Unfall 18244 (2022) Kat:3, Licht: 0,18244,3,6,2,09,15,6,,0,0,1,0,0
"POINT (9.951728553000070 52.319385308000101)",Unfall 18245 (2022) Kat:3, Licht: 2,18245,3,7,0,08,01,1,,2,1,0,0,0
"POINT (10.034414272999999 52.378594731000099)",Unfall 18250 (2022) Kat:3, Licht: 0,18250,3,6,3,09,11,7,,0,0,1,0,0
"POINT (9.723468691000051 52.377699315000001)",Unfall 18264 (2022) Kat:3, Licht: 0,18264,3,6,2,09,14,2,,0,0,1,0,0
"POINT (9.762839790000040 52.344417382000103)",Unfall 18265 (2022) Kat:3, Licht: 0,18265,3,3,5,08,06,4,,0,1,1,0,0
"POINT (9.761324425000049 52.370475188999997)",Unfall 18267 (2022) Kat:3, Licht: 0,18267,3,7,5,09,17,5,,0,1,1,0,0
"POINT (9.662446295000050 52.357162447000100)",Unfall 18271 (2022) Kat:3, Licht: 0,18271,3,3,5,08,08,4,,0,0,1,0,1
"POINT (9.972640318000060 52.382485504000002)",Unfall 18273 (2022) Kat:2, Licht: 0,18273,2,3,5,08,16,3,,0,0,1,0,0
"POINT (9.603581090000031 52.460500476999997)",Unfall 18279 (2022) Kat:3, Licht: 0,18279,3,2,4,09,13,5,,0,1,1,0,0
"POINT (9.486912593000060 52.305849436000102)",Unfall 18281 (2022) Kat:2, Licht: 0,18281,2,1,9,08,15,1,,0,0,1,0,0
"POINT (9.801126201000050 52.370747942000001)",Unfall 18282 (2022) Kat:3, Licht: 1,18282,3,7,8,09,17,1,,1,0,1,0,0
"POINT (9.582530634000021 52.397125535000001)",Unfall 18295 (2022) Kat:3, Licht: 0,18295,3,7,6,09,16,6,,0,0,0,1,0
"POINT (9.499767662000069 52.571381539000100)",Unfall 18300 (2022) Kat:3, Licht: 0,18300,3,6,2,08,15,4,,0,0,1,0,0
"POINT (9.798254578000069 52.431147938999999)",Unfall 18302 (2022) Kat:3, Licht: 2,18302,3,6,3,09,23,7,,2,0,1,0,0
"POINT (9.491644594000039 52.416048975000102)",Unfall 18311 (2022) Kat:3, Licht: 0,18311,3,6,4,08,09,5,,0,0,1,0,0
"POINT (9.456597541000059 52.494091771999997)",Unfall 18313 (2022) Kat:3, Licht: 0,18313,3,3,5,09,13,2,,0,1,1,0,0
"POINT (9.556208430000030 52.421601990000099)",Unfall 18315 (2022) Kat:3, Licht: 0,18315,3,6,2,09,14,6,,0,0,1,0,0
"POINT (9.800331161000029 52.406145559000002)",Unfall 18326 (2022) Kat:2, Licht: 0,18326,2,3,5,08,07,3,,0,0,1,0,0
"POINT (9.575826452000060 52.431952861000099)",Unfall 18337 (2022) Kat:3, Licht: 2,18337,3,7,0,08,21,7,,2,1,0,0,0
"POINT (9.803368555000080 52.274898518999997)",Unfall 18339 (2022) Kat:3, Licht: 0,18339,3,6,2,09,18,4,,0,1,0,0,0
"POINT (9.712483084000040 52.314572982000101)",Unfall 18345 (2022) Kat:2, Licht: 0,18345,2,1,0,09,15,5,,0,1,0,0,0
"POINT (9.726782768000019 52.375721163999998)",Unfall 18359 (2022) Kat:3, Licht: 0,18359,3,2,5,08,13,2,,0,1,1,0,0
"POINT (9.456927950000020 52.487492519000099)",Unfall 18369 (2022) Kat:3, Licht: 0,18369,3,6,4,09,17,7,,0,1,0,0,0
"POINT (9.448387903000031 52.436861982000003)",Unfall 18377 (2022) Kat:3, Licht: 2,18377,3,1,8,08,22,5,,2,0,0,0,1
"POINT (9.755958581000071 52.352783056000099)",Unfall 18381 (2022) Kat:3, Licht: 0,18381,3,6,2,09,14,6,,0,0,1,0,0
"POINT (9.751362457000029 52.369475454000103)",Unfall 18382 (2022) Kat:3, Licht: 0,18382,3,6,0,09,16,5,,0,1,0,1,0
"POINT (9.483101559000030 52.419066753000003)",Unfall 18389 (2022) Kat:3, Licht: 1,18389,3,6,3,08,20,6,,1,0,1,0,0
"POINT (10.031198307000100 52.427783630000100)",Unfall 18390 (2022) Kat:3, Licht: 0,18390,3,2,0,08,07,4,,0,0,1,0,0