WKT,Name,OBJECTID,UKATEGORIE,UTYP1,UART,UMONAT,USTUNDE,UWOCHENTAG,STRZUSTAND,ULICHTVERH,ISTRAD,ISTPKW,ISTFUSS,ISTKRAD
"POINT (10.059590681000000 52.536164053999997)",Unfall 19721 (2022) Kat:2, Licht: 1,19721,2,1,4,09,19,2,,1,0,1,0,0
"POINT (10.196820754999999 52.464192238000102)",Unfall 19725 (2022) Kat:3, Licht: 0,19725,3,3,5,10,11,5,,0,1,1,0,0
"POINT (9.690253214000050 52.374774936999998)",Unfall 19731 (2022) Kat:3, Licht: 0,19731,3,2,5,09,15,6,,0,1,0,0,0
"POINT (10.092627853000099 52.482996620000101)",Unfall 19732 (2022) Kat:3, Licht: 2,19732,3,4,6,10,06,6,,2,0,1,1,0
"POINT (9.695126834000060 52.374566780000102)",Unfall 19735 (2022) Kat:3, Licht: 1,19735,3,4,6,10,08,2,,1,0,1,1,0
"POINT (9.887543303000029 52.426558989000100)",Unfall 19754 (2022) Kat:3, Licht: 0,19754,3,1,9,09,12,4,,0,0,1,0,0
"POINT (9.850932969000040 52.412540868000100)",Unfall 19756 (2022) Kat:3, Licht: 2,19756,3,1,9,09,18,7,,2,0,1,0,0
"POINT (10.013882691999999 52.441118250999999)",Unfall 19772 (2022) Kat:3, Licht: 0,19772,3,2,5,11,13,2,,0,1,1,0,0
"POINT (9.883158425000030 52.299523579000002)",Unfall 19776 (2022) Kat:3, Licht: 0,19776,3,6,2,10,12,5,,0,0,1,0,0
"POINT (9.702526321000050 52.422688213000100)",Unfall 19777 (2022) Kat:3, Licht: 0,19777,3,5,1,10,15,1,,0,0,1,0,1
"POINT (9.709135829000051 52.379578500000001)",Unfall 19784 (2022) Kat:3, Licht: 2,19784,3,6,2,11,20,5,,2,0,1,0,0
"POINT (10.031989356000100 52.379282578000101)",Unfall 19785 (2022) Kat:2, Licht: 2,19785,2,6,2,10,00,5,,2,0,0,0,0
"POINT (9.758826737000049 52.370312644000101)",Unfall 19786 (2022) Kat:3, Licht: 0,19786,3,6,2,10,14,7,,0,0,1,0,0
"POINT (9.730190321000070 52.368948259000000)",Unfall 19795 (2022) Kat:3, Licht: 0,19795,3,3,5,11,14,3,,0,1,1,0,0
"POINT (9.723434951000060 52.337243454000003)",Unfall 19802 (2022) Kat:3, Licht: 0,19802,3,1,8,10,11,7,,0,0,1,0,0
"POINT (9.564566869000030 52.323117924000002)",Unfall 19806 (2022) Kat:3, Licht: 0,19806,3,2,5,10,17,7,,0,0,1,0,0
"POINT (9.726782768000019 52.375721163999998)",Unfall 19808 (2022) Kat:3, Licht: 0,19808,3,2,5,09,15,5,,0,1,1,0,0
"POINT (9.727931648000039 52.374592268000100)",Unfall 19812 (2022) Kat:3, Licht: 0,19812,3,6,2,09,12,3,,0,0,1,0,0
"POINT (9.697777631000060 52.377110462000097)",Unfall 19824 (2022) Kat:3, Licht: 0,19824,3,6,2,10,15,4,,0,0,1,0,0
"POINT (9.731779410000060 52.434748245999998)",Unfall 19833 (2022) Kat:3, Licht: 0,19833,3,2,5,10,15,4,,0,1,1,0,0
"POINT (9.603469643000039 52.216991245000003)",Unfall 19835 (2022) Kat:3, Licht: 1,19835,3,6,8,09,18,3,,1,0,1,0,0
"POINT (9.621352879000030 52.421000067000101)",Unfall 19837 (2022) Kat:3, Licht: 0,19837,3,6,2,09,10,3,,0,0,0,0,0
"POINT (9.890458371000021 52.440838415000002)",Unfall 19839 (2022) Kat:3, Licht: 0,19839,3,1,0,09,13,2,,0,0,0,0,1
"POINT (9.856494686000079 52.531371987999997)",Unfall 19849 (2022) Kat:3, Licht: 0,19849,3,1,8,09,09,6,,0,0,1,0,0
"POINT (9.653651519000050 52.171136691000100)",Unfall 19861 (2022) Kat:2, Licht: 0,19861,2,4,6,09,10,5,,0,0,1,1,0
"POINT (10.048647734999999 52.309498263000101)",Unfall 19868 (2022) Kat:2, Licht: 0,19868,2,3,0,10,16,3,,0,1,0,0,0
"POINT (9.846593247000040 52.274180935000103)",Unfall 19875 (2022) Kat:3, Licht: 0,19875,3,3,5,09,11,7,,0,1,1,0,0
"POINT (9.628363642000069 52.292408592000100)",Unfall 19877 (2022) Kat:3, Licht: 0,19877,3,3,5,10,13,3,,0,1,1,0,0
"POINT (9.482183000000020 52.392773331999997)",Unfall 19880 (2022) Kat:3, Licht: 0,19880,3,6,2,10,09,1,,0,0,1,0,0
"POINT (9.713433096000070 52.361899813000001)",Unfall 19898 (2022) Kat:2, Licht: 2,19898,2,6,2,09,05,7,,2,0,1,0,0
"POINT (9.928420459000050 52.347340531000000)",Unfall 19914 (2022) Kat:3, Licht: 0,19914,3,2,2,10,08,2,,0,0,1,0,0
"POINT (9.684655661000020 52.374393189999999)",Unfall 19918 (2022) Kat:3, Licht: 0,19918,3,3,5,09,14,4,,0,1,1,0,0
"POINT (9.797706582000050 52.430955815000097)",Unfall 19919 (2022) Kat:3, Licht: 0,19919,3,6,2,10,14,4,,0,0,1,0,0
"POINT (9.376322505000079 52.455975055000103)",Unfall 19922 (2022) Kat:3, Licht: 2,19922,3,6,3,10,22,1,,2,0,0,0,1
"POINT (9.736471092000039 52.611967968999998)",Unfall 19929 (2022) Kat:3, Licht: 0,19929,3,6,2,10,13,6,,0,0,1,0,0
"POINT (9.508599092000050 52.408546786999999)",Unfall 19961 (2022) Kat:3, Licht: 0,19961,3,6,2,10,08,3,,0,0,1,0,0
"POINT (9.734574471000030 52.614312083000101)",Unfall 19964 (2022) Kat:2, Licht: 0,19964,2,6,2,09,15,6,,0,0,1,0,0
"POINT (9.467903804000059 52.394850497999997)",Unfall 19974 (2022) Kat:3, Licht: 2,19974,3,1,8,10,20,1,,2,0,1,0,0
"POINT (9.875974615000080 52.304725598000097)",Unfall 20012 (2022) Kat:3, Licht: 0,20012,3,7,7,10,08,5,,0,0,0,0,0
"POINT (9.803043527000060 52.339639025000103)",Unfall 20014 (2022) Kat:3, Licht: 2,20014,3,1,8,09,23,3,,2,0,1,0,0
"POINT (9.711922572000050 52.405243777000102)",Unfall 20016 (2022) Kat:3, Licht: 2,20016,3,2,6,09,19,7,,2,0,0,1,0
"POINT (9.745034540000059 52.369035824000001)",Unfall 20021 (2022) Kat:3, Licht: 0,20021,3,2,6,10,11,5,,0,0,1,1,0
"POINT (9.747429064000070 52.216154093000100)",Unfall 20024 (2022) Kat:3, Licht: 0,20024,3,2,2,09,09,2,,0,0,1,0,0
"POINT (9.808398759000060 52.337253853999997)",Unfall 20028 (2022) Kat:3, Licht: 1,20028,3,1,8,09,18,7,,1,0,1,0,0
"POINT (9.788966363000039 52.371957835000003)",Unfall 20030 (2022) Kat:2, Licht: 0,20030,2,4,6,11,13,7,,0,0,1,1,0
"POINT (9.729180658000081 52.491635615000099)",Unfall 20035 (2022) Kat:3, Licht: 0,20035,3,2,4,10,13,2,,0,0,1,0,0
"POINT (9.455607224000060 52.507353190000103)",Unfall 20040 (2022) Kat:3, Licht: 2,20040,3,1,0,10,19,2,,2,1,0,0,0
"POINT (9.712014627000030 52.405138153999999)",Unfall 20066 (2022) Kat:3, Licht: 0,20066,3,2,5,09,15,5,,0,0,1,0,1
"POINT (9.587767082000029 52.414802569000102)",Unfall 20081 (2022) Kat:3, Licht: 0,20081,3,6,2,09,18,3,,0,0,1,0,0
"POINT (9.789733196000039 52.317034452000001)",Unfall 20082 (2022) Kat:3, Licht: 0,20082,3,6,2,10,12,2,,0,0,1,0,0
"POINT (9.712153502000040 52.314497362000097)",Unfall 20091 (2022) Kat:3, Licht: 2,20091,3,7,0,09,01,7,,2,1,0,0,0
"POINT (9.681054826000040 52.275787578000099)",Unfall 20104 (2022) Kat:2, Licht: 0,20104,2,6,4,09,16,2,,0,0,1,0,0
"POINT (9.889006266000020 52.424687661000100)",Unfall 20118 (2022) Kat:3, Licht: 2,20118,3,6,2,10,19,1,,2,0,1,0,0
"POINT (10.130459471000099 52.398144905999999)",Unfall 20123 (2022) Kat:3, Licht: 0,20123,3,3,5,09,11,1,,0,1,0,0,0
"POINT (9.899676664000030 52.396462272000100)",Unfall 20130 (2022) Kat:3, Licht: 2,20130,3,5,0,09,23,5,,2,0,0,0,0
"POINT (9.786653780000050 52.389373436000000)",Unfall 20131 (2022) Kat:3, Licht: 0,20131,3,6,3,10,11,4,,0,0,1,0,0
"POINT (9.780691672000049 52.324512427999998)",Unfall 20133 (2022) Kat:3, Licht: 0,20133,3,1,0,09,11,3,,0,1,0,0,0
"POINT (9.582281973000020 52.389978867000103)",Unfall 20137 (2022) Kat:3, Licht: 0,20137,3,2,2,09,19,2,,0,0,1,0,0
"POINT (9.697649135000059 52.341558100999997)",Unfall 20145 (2022) Kat:3, Licht: 0,20145,3,2,2,10,08,4,,0,0,1,0,0
"POINT (9.636048085000031 52.331605772000003)",Unfall 20146 (2022) Kat:3, Licht: 0,20146,3,3,5,09,15,7,,0,0,1,0,0
"POINT (9.844886267000049 52.303136868000102)",Unfall 20149 (2022) Kat:3, Licht: 0,20149,3,6,3,10,13,2,,0,0,1,0,1
"POINT (9.680421452000081 52.431326834000103)",Unfall 20152 (2022) Kat:3, Licht: 0,20152,3,2,4,10,17,6,,0,1,1,0,0
"POINT (9.663777394000020 52.384452393000103)",Unfall 20153 (2022) Kat:3, Licht: 0,20153,3,2,6,10,07,2,,0,0,1,1,0
"POINT (9.668118038000051 52.343764563000001)",Unfall 20166 (2022) Kat:3, Licht: 2,20166,3,2,5,10,18,6,,2,0,1,0,0
"POINT (9.787038908000060 52.389919939999999)",Unfall 20172 (2022) Kat:3, Licht: 1,20172,3,6,2,11,06,6,,1,0,1,0,0
"POINT (9.646190847000071 52.411574159000097)",Unfall 20174 (2022) Kat:2, Licht: 0,20174,2,3,5,10,13,1,,0,1,1,0,0
"POINT (9.818032542000029 52.405298919000103)",Unfall 20181 (2022) Kat:2, Licht: 2,20181,2,6,3,11,06,6,,2,0,1,0,0
"POINT (10.085644292000000 52.453084255000100)",Unfall 20192 (2022) Kat:3, Licht: 0,20192,3,6,2,09,14,6,,0,0,1,0,0
"POINT (9.982151402000060 52.427205258000100)",Unfall 20195 (2022) Kat:1, Licht: 2,20195,1,1,8,10,20,3,,2,0,1,0,0
"POINT (9.626371881000070 52.408225794000003)",Unfall 20198 (2022) Kat:3, Licht: 0,20198,3,4,6,10,15,1,,0,0,1,1,0
"POINT (9.653223808000060 52.319116307000101)",Unfall 20202 (2022) Kat:3, Licht: 1,20202,3,3,5,09,18,3,,1,1,1,0,0
"POINT (9.731509191000040 52.438671073000101)",Unfall 20217 (2022) Kat:3, Licht: 0,20217,3,3,5,10,12,7,,0,1,1,0,0
"POINT (9.501598066000041 52.333557733000099)",Unfall 20219 (2022) Kat:3, Licht: 0,20219,3,5,4,09,12,5,,0,0,1,0,0
"POINT (9.860150089000060 52.490134671000099)",Unfall 20223 (2022) Kat:3, Licht: 0,20223,3,7,0,10,16,5,,0,1,0,0,0
"POINT (9.682503028000040 52.372417601999999)",Unfall 20236 (2022) Kat:3, Licht: 0,20236,3,1,8,10,13,6,,0,0,0,0,1
"POINT (9.706649812000020 52.429927339000102)",Unfall 20237 (2022) Kat:3, Licht: 0,20237,3,6,3,11,12,7,,0,0,1,0,0
"POINT (9.902875054000051 52.513990191000097)",Unfall 20242 (2022) Kat:2, Licht: 2,20242,2,1,8,10,22,2,,2,0,1,0,0
"POINT (9.734319793000051 52.413229823000101)",Unfall 20244 (2022) Kat:3, Licht: 0,20244,3,6,2,10,09,3,,0,0,1,0,0
"POINT (10.118593910000101 52.457377700000102)",Unfall 20253 (2022) Kat:2, Licht: 0,20253,2,7,0,10,18,3,,0,0,1,0,1
"POINT (9.720749541000030 52.368155693000098)",Unfall 20264 (2022) Kat:3, Licht: 0,20264,3,6,6,09,18,4,,0,0,0,1,1
"POINT (9.511808550000071 52.429802569000103)",Unfall 20270 (2022) Kat:3, Licht: 1,20270,3,3,5,10,06,2,,1,1,1,0,0
"POINT (10.019640727000001 52.384138828000097)",Unfall 20279 (2022) Kat:3, Licht: 1,20279,3,2,4,09,06,5,,1,0,1,0,0
"POINT (9.978476218000029 52.389516460999999)",Unfall 20283 (2022) Kat:3, Licht: 2,20283,3,7,8,10,06,6,,2,0,0,0,0
"POINT (10.013630152000101 52.441484813000002)",Unfall 20310 (2022) Kat:3, Licht: 0,20310,3,6,3,10,15,7,,0,1,1,0,0
"POINT (9.647708425000079 52.412429336999999)",Unfall 20318 (2022) Kat:3, Licht: 0,20318,3,6,2,09,08,3,,0,0,1,0,1
"POINT (9.766004795000070 52.341334316000001)",Unfall 20324 (2022) Kat:3, Licht: 0,20324,3,6,2,09,14,2,,0,0,1,0,0
"POINT (9.799728774000069 52.425149456000000)",Unfall 20327 (2022) Kat:2, Licht: 0,20327,2,7,0,10,11,4,,0,1,0,0,0
"POINT (9.619075183000060 52.406037658999999)",Unfall 20333 (2022) Kat:3, Licht: 2,20333,3,7,0,09,20,5,,2,0,0,0,0
"POINT (9.859907245000040 52.495188745000100)",Unfall 20337 (2022) Kat:3, Licht: 0,20337,3,3,5,10,12,4,,0,1,1,0,0
"POINT (9.672423235000050 52.238783909000098)",Unfall 20347 (2022) Kat:3, Licht: 0,20347,3,3,5,10,12,7,,0,0,1,0,0
"POINT (9.777709017000060 52.574328426000100)",Unfall 20353 (2022) Kat:3, Licht: 0,20353,3,6,2,10,10,6,,0,0,1,0,0
"POINT (9.417980169000030 52.423956707999999)",Unfall 20357 (2022) Kat:3, Licht: 0,20357,3,7,9,09,11,4,,0,0,1,0,0
"POINT (9.661587025000070 52.385900473000000)",Unfall 20367 (2022) Kat:3, Licht: 2,20367,3,7,0,11,20,4,,2,1,0,0,0
"POINT (9.646967465000049 52.413651315000003)",Unfall 20382 (2022) Kat:3, Licht: 0,20382,3,6,2,11,12,5,,0,0,1,0,0
"POINT (9.717479839000021 52.346362775000003)",Unfall 20386 (2022) Kat:3, Licht: 0,20386,3,6,2,10,12,3,,0,0,1,0,0
"POINT (9.574465709000039 52.420521440000101)",Unfall 20394 (2022) Kat:3, Licht: 2,20394,3,6,2,11,07,2,,2,0,1,0,0
"POINT (9.434777671000059 52.421297471000102)",Unfall 20405 (2022) Kat:2, Licht: 0,20405,2,6,2,10,14,2,,0,0,1,0,0
"POINT (9.724857297000030 52.459810861999998)",Unfall 20408 (2022) Kat:3, Licht: 0,20408,3,7,2,10,11,7,,0,0,1,0,0
"POINT (9.714317694000041 52.398870786000003)",Unfall 20416 (2022) Kat:3, Licht: 2,20416,3,1,0,10,23,7,,2,1,0,0,0
"POINT (9.945894987000029 52.333159610999999)",Unfall 20417 (2022) Kat:3, Licht: 0,20417,3,6,2,09,10,3,,0,0,1,0,0
"POINT (9.728035465000060 52.336140245000102)",Unfall 20430 (2022) Kat:3, Licht: 0,20430,3,6,3,09,13,5,,0,0,1,0,0
"POINT (9.627429189000051 52.420964949000101)",Unfall 20436 (2022) Kat:3, Licht: 2,20436,3,6,2,10,21,1,,2,0,1,0,0
"POINT (9.480897072000060 52.391834355000100)",Unfall 20447 (2022) Kat:3, Licht: 0,20447,3,6,2,10,14,1,,0,0,1,0,0
"POINT (10.023624367000000 52.316924186000101)",Unfall 20449 (2022) Kat:3, Licht: 0,20449,3,7,0,10,17,3,,0,1,0,0,0
"POINT (9.746737048000060 52.427313658999999)",Unfall 20460 (2022) Kat:3, Licht: 0,20460,3,6,2,09,07,4,,0,0,1,0,1
"POINT (9.829792910000039 52.339517783000097)",Unfall 20463 (2022) Kat:3, Licht: 0,20463,3,1,0,09,10,3,,0,1,0,0,0
"POINT (10.218081292000001 52.445857410000002)",Unfall 20464 (2022) Kat:3, Licht: 1,20464,3,7,9,10,07,4,,1,0,1,0,0
"POINT (9.647720066000030 52.423799823000103)",Unfall 20471 (2022) Kat:3, Licht: 0,20471,3,6,2,10,06,3,,0,0,1,0,0
"POINT (9.855708360000049 52.431709138000002)",Unfall 20493 (2022) Kat:3, Licht: 0,20493,3,2,4,10,08,3,,0,1,1,0,0
"POINT (10.198506187000000 52.417075338000103)",Unfall 20497 (2022) Kat:3, Licht: 2,20497,3,7,0,10,01,1,,2,1,0,0,0
"POINT (9.669278237000070 52.345773260000001)",Unfall 20508 (2022) Kat:3, Licht: 0,20508,3,3,5,10,17,3,,0,1,1,0,0
"POINT (9.971509820000049 52.341537305000003)",Unfall 20525 (2022) Kat:3, Licht: 0,20525,3,1,8,11,07,2,,0,0,1,0,0
"POINT (9.747269044000060 52.323986998000102)",Unfall 20531 (2022) Kat:3, Licht: 0,20531,3,3,5,09,08,2,,0,1,1,0,0
"POINT (9.446163313000060 52.416736327000102)",Unfall 20543 (2022) Kat:3, Licht: 0,20543,3,4,6,09,11,4,,0,0,1,1,0
"POINT (9.973063936000070 52.315311303999998)",Unfall 20554 (2022) Kat:3, Licht: 0,20554,3,3,5,10,17,4,,0,0,1,0,0
"POINT (9.698486304000030 52.347474431000101)",Unfall 20555 (2022) Kat:3, Licht: 0,20555,3,6,2,10,08,6,,0,0,1,0,0
"POINT (9.705952626000061 52.412220873000102)",Unfall 20570 (2022) Kat:3, Licht: 1,20570,3,6,2,11,16,6,,1,0,1,0,0
"POINT (9.702395840000070 52.430449291000102)",Unfall 20573 (2022) Kat:2, Licht: 2,20573,2,7,8,10,20,2,,2,0,0,0,0
"POINT (9.936623261000021 52.445607134000099)",Unfall 20583 (2022) Kat:3, Licht: 2,20583,3,1,9,09,00,3,,2,0,1,0,0
"POINT (9.669456784000030 52.346223602000101)",Unfall 20587 (2022) Kat:3, Licht: 0,20587,3,6,3,11,15,4,,0,0,1,0,0
"POINT (9.488151243000059 52.308758572000002)",Unfall 20588 (2022) Kat:3, Licht: 0,20588,3,3,5,10,15,4,,0,0,1,0,1
"POINT (9.868960219000030 52.312276688000097)",Unfall 20593 (2022) Kat:2, Licht: 0,20593,2,3,5,09,13,6,,0,0,1,0,0
"POINT (9.480145882000039 52.391074246000102)",Unfall 20599 (2022) Kat:3, Licht: 0,20599,3,6,2,10,16,6,,0,0,0,0,0
"POINT (9.474153885000019 52.503893231000099)",Unfall 20612 (2022) Kat:3, Licht: 0,20612,3,6,2,09,18,6,,0,0,1,0,0
"POINT (9.487567513000039 52.270398826000097)",Unfall 20637 (2022) Kat:3, Licht: 0,20637,3,6,3,09,17,5,,0,0,1,0,1
"POINT (9.643181602000030 52.325133409000003)",Unfall 20638 (2022) Kat:3, Licht: 2,20638,3,6,9,10,21,7,,2,0,1,0,0
"POINT (9.618307790000070 52.428801923999998)",Unfall 20647 (2022) Kat:3, Licht: 1,20647,3,2,4,09,19,2,,1,0,1,0,0
"POINT (9.714482172000031 52.361030426000099)",Unfall 20661 (2022) Kat:3, Licht: 1,20661,3,6,3,10,18,2,,1,0,1,0,0
"POINT (9.697463189000080 52.377246125000099)",Unfall 20669 (2022) Kat:3, Licht: 0,20669,3,6,2,10,16,4,,0,0,1,0,0
"POINT (9.734992564000040 52.393259313999998)",Unfall 20703 (2022) Kat:3, Licht: 0,20703,3,2,5,10,16,3,,0,0,1,0,0
"POINT (10.032020122000100 52.523176277000097)",Unfall 20704 (2022) Kat:3, Licht: 0,20704,3,6,2,09,14,5,,0,0,1,0,0
"POINT (9.707451990000040 52.420142762000097)",Unfall 20705 (2022) Kat:3, Licht: 1,20705,3,7,0,10,05,5,,1,1,0,0,0
"POINT (9.697759801000069 52.377127307000102)",Unfall 20712 (2022) Kat:3, Licht: 2,20712,3,6,2,11,20,5,,2,0,1,0,0
"POINT (9.840397537000060 52.410265866000003)",Unfall 20719 (2022) Kat:3, Licht: 0,20719,3,6,2,10,07,4,,0,0,1,0,0
"POINT (9.357373711000040 52.453428135000102)",Unfall 20726 (2022) Kat:2, Licht: 0,20726,2,7,0,10,11,4,,0,1,0,0,0
"POINT (9.879502443000041 52.311460499000098)",Unfall 20729 (2022) Kat:3, Licht: 1,20729,3,1,9,09,17,1,,1,0,1,0,0
"POINT (9.720952373000051 52.339986333000098)",Unfall 20733 (2022) Kat:3, Licht: 0,20733,3,6,2,09,14,6,,0,0,1,0,0
"POINT (9.799098906000040 52.410753075999999)",Unfall 20738 (2022) Kat:3, Licht: 0,20738,3,3,5,10,14,5,,0,1,1,0,0
"POINT (9.409132275000051 52.461619128999999)",Unfall 20743 (2022) Kat:3, Licht: 2,20743,3,7,8,09,01,3,,2,0,0,0,1
"POINT (9.800281661000041 52.396368772000102)",Unfall 20752 (2022) Kat:3, Licht: 0,20752,3,6,2,10,15,4,,0,0,1,0,0
"POINT (9.755906091000041 52.352877906000103)",Unfall 20755 (2022) Kat:3, Licht: 0,20755,3,3,5,11,11,3,,0,1,1,0,0
"POINT (9.907680518000060 52.355756916000097)",Unfall 20757 (2022) Kat:3, Licht: 0,20757,3,3,5,09,16,5,,0,0,1,0,0
"POINT (9.735837316000071 52.399509587000097)",Unfall 20760 (2022) Kat:3, Licht: 2,20760,3,6,2,09,20,5,,2,0,1,0,0
"POINT (9.723363666000070 52.440456091999998)",Unfall 20770 (2022) Kat:3, Licht: 2,20770,3,1,0,10,06,5,,2,0,0,0,1
"POINT (9.833008412000030 52.398726152999998)",Unfall 20780 (2022) Kat:3, Licht: 0,20780,3,3,5,10,11,2,,0,1,1,0,0
"POINT (9.449682088000030 52.426191650000099)",Unfall 20788 (2022) Kat:3, Licht: 0,20788,3,3,5,10,18,1,,0,0,1,0,0
"POINT (9.753224689000040 52.369993632000003)",Unfall 20790 (2022) Kat:3, Licht: 0,20790,3,3,5,09,16,3,,0,0,1,0,0
"POINT (9.797045823000079 52.347282249000003)",Unfall 20791 (2022) Kat:3, Licht: 0,20791,3,1,0,09,14,5,,0,0,1,0,0
"POINT (9.652211835000060 52.415860231000103)",Unfall 20795 (2022) Kat:3, Licht: 0,20795,3,3,0,10,15,6,,0,1,1,0,0
"POINT (9.802591090000019 52.317499516000098)",Unfall 20799 (2022) Kat:3, Licht: 0,20799,3,2,2,09,08,6,,0,0,1,0,0
"POINT (9.722107755000019 52.421544267999998)",Unfall 20816 (2022) Kat:3, Licht: 0,20816,3,2,3,09,11,7,,0,1,1,0,0
"POINT (9.587655645000041 52.184781014000102)",Unfall 20825 (2022) Kat:3, Licht: 0,20825,3,1,8,10,11,5,,0,0,1,0,0
"POINT (9.388130027000051 52.432347958000001)",Unfall 20827 (2022) Kat:3, Licht: 0,20827,3,2,4,09,14,3,,0,0,1,0,0
"POINT (9.719787887000050 52.421486238999996)",Unfall 20840 (2022) Kat:3, Licht: 0,20840,3,6,2,09,18,7,,0,0,1,0,0
"POINT (9.650312718000070 52.424366233999997)",Unfall 20843 (2022) Kat:3, Licht: 1,20843,3,6,3,11,06,3,,1,0,1,0,0
"POINT (9.359837694000021 52.454187202000099)",Unfall 20853 (2022) Kat:2, Licht: 0,20853,2,6,2,09,16,3,,0,0,1,1,0
"POINT (9.742721337000029 52.538257789000099)",Unfall 20863 (2022) Kat:3, Licht: 2,20863,3,6,4,09,20,6,,2,0,1,0,0
"POINT (10.027865404000099 52.523299160000100)",Unfall 20864 (2022) Kat:3, Licht: 0,20864,3,3,5,10,14,6,,0,0,1,0,1
"POINT (9.833131532000040 52.421427913999999)",Unfall 20880 (2022) Kat:3, Licht: 0,20880,3,6,3,09,07,4,,0,0,0,0,0
"POINT (9.611012925000070 52.421953163000097)",Unfall 20881 (2022) Kat:3, Licht: 0,20881,3,6,2,10,14,4,,0,0,1,0,0
"POINT (9.800003818000050 52.336158523999998)",Unfall 20882 (2022) Kat:3, Licht: 0,20882,3,6,2,10,10,7,,0,0,1,0,0
"POINT (9.771867763000049 52.370885573000102)",Unfall 20892 (2022) Kat:3, Licht: 2,20892,3,3,5,09,02,1,,2,0,1,0,0
"POINT (9.832777195000061 52.338420879000097)",Unfall 20909 (2022) Kat:3, Licht: 0,20909,3,3,5,10,14,5,,0,1,1,0,0
"POINT (9.735842898000040 52.399466556000000)",Unfall 20919 (2022) Kat:3, Licht: 0,20919,3,6,2,09,13,4,,0,0,1,0,0
"POINT (9.652385120000080 52.409756072000100)",Unfall 20933 (2022) Kat:3, Licht: 2,20933,3,6,2,10,18,7,,2,0,1,0,1
"POINT (9.811790229000049 52.527970396999997)",Unfall 20945 (2022) Kat:3, Licht: 2,20945,3,7,8,09,02,6,,2,0,0,0,0
"POINT (9.734402756000071 52.412597780000098)",Unfall 20949 (2022) Kat:3, Licht: 2,20949,3,6,2,11,17,5,,2,0,1,0,0
"POINT (9.897522565000029 52.444227238000103)",Unfall 20952 (2022) Kat:3, Licht: 0,20952,3,1,0,10,09,1,,0,1,0,0,0
"POINT (9.865562761000040 52.339871600999999)",Unfall 20953 (2022) Kat:2, Licht: 0,20953,2,7,7,09,13,2,,0,0,0,0,1
"POINT (9.675249496000051 52.428825894000099)",Unfall 20955 (2022) Kat:3, Licht: 0,20955,3,6,3,09,17,4,,0,0,1,0,0
"POINT (9.734291903000040 52.475714401000097)",Unfall 20956 (2022) Kat:3, Licht: 1,20956,3,2,2,10,22,4,,1,0,1,0,0
"POINT (9.665451115000049 52.333917006000000)",Unfall 20959 (2022) Kat:3, Licht: 0,20959,3,6,2,11,13,7,,0,0,1,0,0
"POINT (9.607018029000070 52.311493509000101)",Unfall 20964 (2022) Kat:2, Licht: 1,20964,2,3,5,10,05,2,,1,0,1,0,1
"POINT (9.803512396000031 52.397162937000097)",Unfall 20966 (2022) Kat:3, Licht: 0,20966,3,6,2,10,09,4,,0,0,1,0,1
"POINT (9.829463346000070 52.399894608000103)",Unfall 20993 (2022) Kat:3, Licht: 0,20993,3,6,2,09,18,5,,0,0,1,0,0
"POINT (9.862065949000050 52.381001716000100)",Unfall 20997 (2022) Kat:3, Licht: 0,20997,3,2,3,10,08,3,,0,0,1,0,0
"POINT (9.513270625000080 52.412151762000100)",Unfall 21003 (2022) Kat:3, Licht: 0,21003,3,3,5,10,17,5,,0,1,1,0,0
"POINT (9.730899635000069 52.370730992000098)",Unfall 21008 (2022) Kat:3, Licht: 2,21008,3,3,5,09,23,7,,2,1,1,0,0
"POINT (9.838899097000020 52.275580554000001)",Unfall 21010 (2022) Kat:3, Licht: 0,21010,3,3,5,10,10,3,,0,1,1,0,0
"POINT (9.785926997000050 52.565435772999997)",Unfall 21017 (2022) Kat:3, Licht: 0,21017,3,6,2,09,10,5,,0,0,1,0,0
"POINT (9.634109909000070 52.333603104000098)",Unfall 21026 (2022) Kat:3, Licht: 0,21026,3,6,3,09,18,5,,0,0,1,0,1
"POINT (9.566945416000070 52.422204096000002)",Unfall 21029 (2022) Kat:3, Licht: 2,21029,3,6,2,11,20,4,,2,0,1,0,0
"POINT (9.628948212000070 52.210734812000098)",Unfall 21041 (2022) Kat:3, Licht: 0,21041,3,3,5,09,15,7,,0,0,1,0,0
"POINT (9.970890556000031 52.387083941000100)",Unfall 21044 (2022) Kat:3, Licht: 0,21044,3,6,3,11,13,5,,0,0,1,0,0
"POINT (9.745062646000060 52.601528162000101)",Unfall 21064 (2022) Kat:3, Licht: 0,21064,3,6,2,09,18,6,,0,0,0,0,0
"POINT (9.697788517000051 52.376304369000103)",Unfall 21065 (2022) Kat:3, Licht: 0,21065,3,6,1,11,15,2,,0,0,1,0,0
"POINT (9.768414040000041 52.338025652000098)",Unfall 21072 (2022) Kat:3, Licht: 0,21072,3,2,5,09,16,2,,0,1,1,0,0
"POINT (9.720703689000061 52.337691278000101)",Unfall 21082 (2022) Kat:3, Licht: 2,21082,3,1,0,10,05,6,,2,0,0,0,1