WKT,Name,OBJECTID,UKATEGORIE,UTYP1,UART,UMONAT,USTUNDE,UWOCHENTAG,STRZUSTAND,ULICHTVERH,ISTRAD,ISTPKW,ISTFUSS,ISTKRAD
"POINT (9.965101779000070 52.373259292999997)",Unfall 21088 (2022) Kat:3, Licht: 1,21088,3,7,0,10,18,1,,1,1,0,0,0
"POINT (9.596022623000071 52.436583736999999)",Unfall 21093 (2022) Kat:3, Licht: 0,21093,3,3,5,10,14,4,,0,1,0,0,0
"POINT (9.928813993000061 52.402819627000000)",Unfall 21112 (2022) Kat:3, Licht: 1,21112,3,7,7,09,19,5,,1,0,0,0,1
"POINT (9.491949616000060 52.399054440999997)",Unfall 21124 (2022) Kat:3, Licht: 0,21124,3,6,2,10,11,6,,0,0,1,0,0
"POINT (9.745755595000050 52.209385032000100)",Unfall 21141 (2022) Kat:3, Licht: 0,21141,3,2,5,10,14,7,,0,0,1,0,0
"POINT (9.677747829000049 52.359092996000101)",Unfall 21144 (2022) Kat:3, Licht: 2,21144,3,6,2,10,05,4,,2,0,1,0,0
"POINT (9.756411762000029 52.427267299000100)",Unfall 21149 (2022) Kat:2, Licht: 0,21149,2,6,2,09,15,2,,0,0,0,0,0
"POINT (9.827780606000029 52.360928015000098)",Unfall 21163 (2022) Kat:3, Licht: 0,21163,3,2,6,10,12,2,,0,0,1,1,0
"POINT (10.116878168000000 52.357592351999998)",Unfall 21164 (2022) Kat:3, Licht: 2,21164,3,3,5,09,05,5,,2,1,1,0,0
"POINT (9.973130639000029 52.372694949000000)",Unfall 21171 (2022) Kat:3, Licht: 0,21171,3,7,0,10,08,4,,0,1,0,0,0
"POINT (9.723250400000040 52.378062080000099)",Unfall 21176 (2022) Kat:3, Licht: 0,21176,3,7,0,10,16,6,,0,0,0,0,1
"POINT (9.578759191000071 52.423431116000103)",Unfall 21185 (2022) Kat:3, Licht: 0,21185,3,7,8,10,13,5,,0,0,1,0,0
"POINT (9.541461431000069 52.422623310000098)",Unfall 21187 (2022) Kat:3, Licht: 2,21187,3,1,8,09,06,2,,2,0,1,0,0
"POINT (9.768614083000051 52.171007359000001)",Unfall 21194 (2022) Kat:3, Licht: 2,21194,3,1,9,10,23,2,,2,0,1,0,0
"POINT (9.969880073000070 52.334813699999998)",Unfall 21197 (2022) Kat:3, Licht: 2,21197,3,6,2,10,06,6,,2,0,1,0,0
"POINT (9.721246849000069 52.368248784000102)",Unfall 21201 (2022) Kat:3, Licht: 2,21201,3,6,2,10,21,6,,2,0,1,0,0
"POINT (9.533301257000060 52.461577229000099)",Unfall 21207 (2022) Kat:3, Licht: 2,21207,3,1,9,10,02,1,,2,0,1,0,0
"POINT (9.570796190000070 52.446658108000101)",Unfall 21220 (2022) Kat:3, Licht: 0,21220,3,2,3,09,17,4,,0,1,0,0,0
"POINT (9.803920835000040 52.336993187000097)",Unfall 21226 (2022) Kat:2, Licht: 2,21226,2,4,6,11,19,6,,2,0,1,1,0
"POINT (9.428321434000051 52.428234074000002)",Unfall 21231 (2022) Kat:3, Licht: 0,21231,3,6,4,09,15,5,,0,1,0,0,0
"POINT (9.885028499000040 52.429477962000099)",Unfall 21233 (2022) Kat:3, Licht: 0,21233,3,1,9,09,09,1,,0,0,0,0,1
"POINT (9.611652392000050 52.436379730000098)",Unfall 21236 (2022) Kat:3, Licht: 0,21236,3,7,6,09,16,6,,0,0,1,1,0
"POINT (10.082919859000100 52.487274388000102)",Unfall 21239 (2022) Kat:3, Licht: 2,21239,3,3,5,10,19,3,,2,1,1,0,0
"POINT (9.977092321000040 52.374654796000101)",Unfall 21247 (2022) Kat:2, Licht: 0,21247,2,1,0,09,17,3,,0,1,0,0,0
"POINT (9.726775731000030 52.544542190000101)",Unfall 21254 (2022) Kat:3, Licht: 0,21254,3,3,5,10,08,3,,0,1,1,0,0
"POINT (9.733577576000069 52.369165485000103)",Unfall 21256 (2022) Kat:3, Licht: 0,21256,3,3,5,10,12,4,,0,1,1,0,0
"POINT (9.521803159000060 52.351264598000100)",Unfall 21257 (2022) Kat:3, Licht: 2,21257,3,1,9,09,01,7,,2,0,1,0,0
"POINT (9.821797858000020 52.339239493000001)",Unfall 21268 (2022) Kat:3, Licht: 2,21268,3,3,5,10,04,5,,2,0,1,0,1
"POINT (9.863663310000049 52.332849683000099)",Unfall 21281 (2022) Kat:3, Licht: 0,21281,3,6,3,10,12,6,,0,0,1,0,0
"POINT (9.420842764000041 52.444729969999997)",Unfall 21286 (2022) Kat:2, Licht: 0,21286,2,3,5,10,18,6,,0,1,1,0,0
"POINT (10.026832527000099 52.316666568000102)",Unfall 21288 (2022) Kat:3, Licht: 0,21288,3,3,5,09,18,4,,0,1,1,0,0
"POINT (9.575286349000070 52.418973205000000)",Unfall 21291 (2022) Kat:3, Licht: 2,21291,3,2,5,10,22,2,,2,0,1,0,0
"POINT (9.650168897000070 52.393480298999997)",Unfall 21297 (2022) Kat:3, Licht: 2,21297,3,2,4,10,19,3,,2,0,0,0,0
"POINT (9.722421781000040 52.378507587999998)",Unfall 21299 (2022) Kat:3, Licht: 0,21299,3,2,5,10,11,3,,0,1,1,0,0
"POINT (9.778512259000021 52.327703925999998)",Unfall 21303 (2022) Kat:3, Licht: 0,21303,3,7,0,10,08,1,,0,1,0,0,0
"POINT (9.751408378000059 52.594862941000002)",Unfall 21307 (2022) Kat:3, Licht: 0,21307,3,6,2,10,10,7,,0,0,1,0,0
"POINT (9.468803717000069 52.463197899000100)",Unfall 21308 (2022) Kat:3, Licht: 0,21308,3,7,8,09,09,3,,0,0,1,0,0
"POINT (9.552084494000040 52.592772525000001)",Unfall 21331 (2022) Kat:3, Licht: 2,21331,3,6,4,11,18,2,,2,1,0,0,0
"POINT (9.631714888000030 52.420161875000097)",Unfall 21340 (2022) Kat:3, Licht: 0,21340,3,6,2,10,13,1,,0,0,1,0,0
"POINT (9.611024076000040 52.431531657999997)",Unfall 21360 (2022) Kat:3, Licht: 0,21360,3,2,5,10,09,7,,0,0,1,0,0
"POINT (9.863329307000070 52.373823547000001)",Unfall 21365 (2022) Kat:3, Licht: 0,21365,3,7,0,09,14,3,,0,0,0,0,1
"POINT (9.734061657000041 52.387337238000001)",Unfall 21366 (2022) Kat:3, Licht: 1,21366,3,6,2,09,19,3,,1,0,1,0,0
"POINT (10.060980648999999 52.371036029999999)",Unfall 21371 (2022) Kat:3, Licht: 2,21371,3,6,3,11,01,5,,2,0,1,0,0
"POINT (9.727649429000049 52.438950932000097)",Unfall 21373 (2022) Kat:3, Licht: 0,21373,3,2,5,10,10,7,,0,1,1,0,0
"POINT (9.723437497000081 52.377715996000099)",Unfall 21375 (2022) Kat:3, Licht: 0,21375,3,3,5,09,15,2,,0,1,1,0,0
"POINT (9.432543162000060 52.422258530000100)",Unfall 21388 (2022) Kat:3, Licht: 0,21388,3,5,0,10,15,4,,0,1,0,0,0
"POINT (9.583823022000050 52.397118861000102)",Unfall 21390 (2022) Kat:3, Licht: 0,21390,3,7,0,09,17,3,,0,0,0,0,0
"POINT (9.463005435000071 52.400616759999998)",Unfall 21392 (2022) Kat:3, Licht: 0,21392,3,5,4,09,11,3,,0,0,1,0,0
"POINT (9.781245740000029 52.326359796000098)",Unfall 21399 (2022) Kat:3, Licht: 0,21399,3,6,2,10,15,7,,0,0,1,0,0
"POINT (9.469895234000029 52.421363231999997)",Unfall 21404 (2022) Kat:3, Licht: 2,21404,3,1,8,09,21,6,,2,0,1,0,0
"POINT (9.796604926000040 52.347797514000000)",Unfall 21420 (2022) Kat:3, Licht: 0,21420,3,6,2,11,07,4,,0,0,1,0,0
"POINT (9.412243974000029 52.333353283000100)",Unfall 21432 (2022) Kat:3, Licht: 2,21432,3,6,3,09,23,1,,2,0,1,0,0
"POINT (9.897910868000050 52.380630846000003)",Unfall 21437 (2022) Kat:3, Licht: 1,21437,3,6,2,10,05,1,,1,0,1,0,0
"POINT (9.697837078000020 52.377065135000102)",Unfall 21438 (2022) Kat:3, Licht: 0,21438,3,6,2,10,12,1,,0,0,1,0,0
"POINT (9.648909911000031 52.412460023999998)",Unfall 21461 (2022) Kat:3, Licht: 2,21461,3,1,9,10,21,7,,2,0,1,0,0
"POINT (9.781456978000049 52.326384108000099)",Unfall 21473 (2022) Kat:3, Licht: 2,21473,3,1,0,10,18,6,,2,0,0,0,0
"POINT (9.726921284000071 52.381064512000101)",Unfall 21479 (2022) Kat:3, Licht: 0,21479,3,6,2,10,15,2,,0,0,1,0,0
"POINT (9.457192315000039 52.505481367000101)",Unfall 21494 (2022) Kat:3, Licht: 2,21494,3,5,1,11,22,5,,2,0,1,0,1
"POINT (9.563585433000069 52.394896156000101)",Unfall 21515 (2022) Kat:2, Licht: 0,21515,2,2,5,09,11,6,,0,0,1,0,1
"POINT (9.697660093000019 52.377221509000002)",Unfall 21521 (2022) Kat:3, Licht: 0,21521,3,6,2,10,11,3,,0,0,1,0,0
"POINT (9.449996388000050 52.504792770000101)",Unfall 21582 (2022) Kat:3, Licht: 0,21582,3,6,2,09,15,2,,0,0,1,0,0
"POINT (9.725211480000040 52.459883134000101)",Unfall 21585 (2022) Kat:3, Licht: 0,21585,3,3,5,10,12,4,,0,0,1,0,0
"POINT (10.198840597000100 52.456792331000003)",Unfall 21598 (2022) Kat:2, Licht: 0,21598,2,1,0,10,17,2,,0,0,0,0,0
"POINT (9.442689195000071 52.504539345000097)",Unfall 21599 (2022) Kat:3, Licht: 0,21599,3,2,5,10,17,4,,0,0,1,0,1
"POINT (9.965913907000070 52.315609310000099)",Unfall 21606 (2022) Kat:3, Licht: 0,21606,3,4,6,10,10,6,,0,0,1,1,0
"POINT (9.757771258000050 52.370253507000001)",Unfall 21624 (2022) Kat:3, Licht: 0,21624,3,5,0,09,14,5,,0,0,1,0,0
"POINT (9.773322093000051 52.343025795000102)",Unfall 21626 (2022) Kat:3, Licht: 1,21626,3,6,2,09,18,1,,1,0,1,0,0
"POINT (9.760728297000069 52.370359123000100)",Unfall 21635 (2022) Kat:3, Licht: 0,21635,3,6,2,09,14,3,,0,0,1,0,0
"POINT (10.273777842000101 52.473791762000097)",Unfall 21639 (2022) Kat:3, Licht: 1,21639,3,6,2,10,19,2,,1,0,1,0,0
"POINT (9.412416919000069 52.333295729000000)",Unfall 21643 (2022) Kat:3, Licht: 2,21643,3,6,2,10,20,2,,2,0,1,0,0
"POINT (9.743604958000050 52.368069583000100)",Unfall 21657 (2022) Kat:3, Licht: 0,21657,3,2,3,09,16,6,,0,1,1,0,0
"POINT (10.016232140000101 52.452539666000099)",Unfall 21663 (2022) Kat:3, Licht: 0,21663,3,3,5,11,10,1,,0,0,1,0,0
"POINT (9.796359244000030 52.312300587999999)",Unfall 21664 (2022) Kat:3, Licht: 2,21664,3,6,1,10,20,1,,2,0,1,0,0
"POINT (9.762966760000040 52.370578025000000)",Unfall 21668 (2022) Kat:3, Licht: 0,21668,3,6,2,09,12,3,,0,0,1,0,0
"POINT (9.667912829000040 52.341998050000001)",Unfall 21672 (2022) Kat:3, Licht: 0,21672,3,3,5,10,18,7,,0,0,1,0,0
"POINT (9.693725737000021 52.420142759999997)",Unfall 21678 (2022) Kat:3, Licht: 0,21678,3,1,8,09,09,1,,0,0,1,0,0
"POINT (9.738876586000060 52.437778397000002)",Unfall 21689 (2022) Kat:3, Licht: 0,21689,3,3,5,10,14,5,,0,1,1,0,0
"POINT (9.351590480000031 52.394582718000002)",Unfall 21690 (2022) Kat:3, Licht: 0,21690,3,6,0,09,12,6,,0,1,0,0,0
"POINT (9.462710633000031 52.331952420000100)",Unfall 21692 (2022) Kat:3, Licht: 0,21692,3,7,0,09,10,2,,0,0,1,0,0
"POINT (9.627945059000069 52.422225118000000)",Unfall 21698 (2022) Kat:3, Licht: 0,21698,3,6,2,09,14,2,,0,0,1,0,0
"POINT (10.101661275000000 52.364333762000101)",Unfall 21701 (2022) Kat:3, Licht: 0,21701,3,6,3,10,16,4,,0,0,1,0,0
"POINT (9.713423568000049 52.361915568000001)",Unfall 21705 (2022) Kat:3, Licht: 0,21705,3,6,2,10,14,2,,0,0,0,0,0
"POINT (9.628460843000029 52.292447246999998)",Unfall 21712 (2022) Kat:3, Licht: 0,21712,3,3,5,10,16,6,,0,0,1,0,0
"POINT (9.722606463000030 52.378408426000099)",Unfall 21718 (2022) Kat:3, Licht: 2,21718,3,6,2,10,20,1,,2,0,1,0,1
"POINT (9.799875901000060 52.407603985999998)",Unfall 21719 (2022) Kat:3, Licht: 2,21719,3,7,0,11,19,4,,2,1,0,0,0
"POINT (9.723442278000050 52.377713440000001)",Unfall 21721 (2022) Kat:2, Licht: 0,21721,2,3,5,10,16,6,,0,1,1,0,0
"POINT (9.539008660000039 52.461727637000102)",Unfall 21731 (2022) Kat:3, Licht: 0,21731,3,3,5,10,13,6,,0,0,1,0,0
"POINT (9.750713034000061 52.595557913999997)",Unfall 21733 (2022) Kat:3, Licht: 0,21733,3,6,2,10,12,7,,0,0,1,0,0
"POINT (9.761901108000069 52.345825066000003)",Unfall 21736 (2022) Kat:3, Licht: 2,21736,3,3,0,11,05,6,,2,0,1,0,1
"POINT (9.837929653000060 52.276004813999997)",Unfall 21745 (2022) Kat:3, Licht: 0,21745,3,7,2,11,14,3,,0,0,1,0,0
"POINT (9.721295560000041 52.360767445000100)",Unfall 21746 (2022) Kat:3, Licht: 0,21746,3,2,5,10,15,3,,0,1,1,0,0
"POINT (9.466143561000020 52.418601856000102)",Unfall 21756 (2022) Kat:2, Licht: 2,21756,2,2,2,09,19,6,,2,0,1,0,1
"POINT (9.813790639000050 52.317625300000003)",Unfall 21771 (2022) Kat:3, Licht: 0,21771,3,1,0,10,08,3,,0,0,0,0,1
"POINT (9.719316482000069 52.421486856000101)",Unfall 21776 (2022) Kat:3, Licht: 0,21776,3,6,2,10,09,4,,0,0,1,0,0
"POINT (9.780964788000061 52.364663829999998)",Unfall 21796 (2022) Kat:3, Licht: 0,21796,3,6,2,09,07,5,,0,0,1,0,0
"POINT (9.806994142000059 52.336221344000101)",Unfall 21803 (2022) Kat:3, Licht: 0,21803,3,6,2,10,08,4,,0,0,1,0,0
"POINT (9.620497482000079 52.211066829000103)",Unfall 21812 (2022) Kat:3, Licht: 0,21812,3,7,0,10,11,4,,0,1,0,0,0
"POINT (9.732003922000050 52.617842523000000)",Unfall 21813 (2022) Kat:3, Licht: 2,21813,3,7,9,10,01,7,,2,0,1,0,0
"POINT (9.430045373000040 52.425861032999997)",Unfall 21829 (2022) Kat:2, Licht: 0,21829,2,6,6,11,14,7,,0,1,0,1,0
"POINT (9.621781126000030 52.426556359000102)",Unfall 21832 (2022) Kat:2, Licht: 0,21832,2,2,3,09,18,5,,0,0,1,0,1
"POINT (9.783604948000059 52.372323145999999)",Unfall 21841 (2022) Kat:3, Licht: 0,21841,3,6,3,09,16,5,,0,0,1,0,1
"POINT (9.789466931000049 52.317001382999997)",Unfall 21859 (2022) Kat:2, Licht: 0,21859,2,7,0,11,12,6,,0,0,1,0,0
"POINT (9.946755472000060 52.288192410000100)",Unfall 21872 (2022) Kat:1, Licht: 2,21872,1,1,9,10,02,7,,2,0,1,0,0
"POINT (9.451910934000070 52.372828358000000)",Unfall 21874 (2022) Kat:3, Licht: 0,21874,3,6,2,09,14,5,,0,0,1,0,0
"POINT (9.542269707000059 52.462265836000000)",Unfall 21880 (2022) Kat:2, Licht: 0,21880,2,3,5,09,13,3,,0,1,1,0,0
"POINT (9.804964921000019 52.337831902000097)",Unfall 21884 (2022) Kat:3, Licht: 0,21884,3,1,8,10,18,7,,0,0,1,0,0
"POINT (9.919517674000080 52.395107901000102)",Unfall 21893 (2022) Kat:3, Licht: 2,21893,3,6,2,11,18,3,,2,0,1,0,0
"POINT (9.568592795000029 52.303628306000100)",Unfall 21901 (2022) Kat:3, Licht: 0,21901,3,1,8,09,15,3,,0,0,1,0,0
"POINT (10.130453060000001 52.398125250000099)",Unfall 21911 (2022) Kat:3, Licht: 2,21911,3,3,5,10,20,3,,2,0,1,0,0
"POINT (9.668964730000029 52.344949356000001)",Unfall 21914 (2022) Kat:3, Licht: 1,21914,3,3,5,09,18,6,,1,0,1,0,0
"POINT (9.466085366000071 52.427716089000100)",Unfall 21918 (2022) Kat:3, Licht: 0,21918,3,5,4,10,12,1,,0,0,1,0,0
"POINT (9.627184115000031 52.423179793000003)",Unfall 21919 (2022) Kat:3, Licht: 0,21919,3,2,6,09,08,4,,0,0,1,1,0
"POINT (10.014929239000001 52.451836718999999)",Unfall 21920 (2022) Kat:3, Licht: 0,21920,3,6,8,10,13,6,,0,1,0,1,0
"POINT (9.452138387000049 52.435614469000001)",Unfall 21932 (2022) Kat:3, Licht: 0,21932,3,6,4,10,15,7,,0,1,0,0,0
"POINT (9.410066046000050 52.333958934000101)",Unfall 21937 (2022) Kat:2, Licht: 1,21937,2,3,5,10,19,1,,1,0,1,0,0
"POINT (9.818011481000040 52.409029412999999)",Unfall 21940 (2022) Kat:3, Licht: 0,21940,3,2,5,09,09,1,,0,0,1,0,0
"POINT (9.587598526000020 52.439863961000100)",Unfall 21956 (2022) Kat:3, Licht: 0,21956,3,6,2,11,09,4,,0,0,1,0,0
"POINT (9.577896441000060 52.423527939000103)",Unfall 21965 (2022) Kat:2, Licht: 2,21965,2,1,9,12,02,1,,2,0,1,0,0
"POINT (9.863378052000030 52.373935498999998)",Unfall 21969 (2022) Kat:3, Licht: 0,21969,3,6,2,11,14,6,,0,0,1,0,0
"POINT (9.775295072000061 52.330375783000100)",Unfall 21971 (2022) Kat:3, Licht: 0,21971,3,2,5,12,11,6,,0,0,1,0,0
"POINT (9.460655080000040 52.309977568000100)",Unfall 21981 (2022) Kat:3, Licht: 1,21981,3,2,2,11,07,5,,1,0,1,0,0
"POINT (9.839265283000030 52.417849003000100)",Unfall 21984 (2022) Kat:3, Licht: 0,21984,3,6,3,12,13,4,,0,0,1,0,0
"POINT (9.779708232000081 52.425593171999999)",Unfall 21987 (2022) Kat:3, Licht: 0,21987,3,7,9,11,10,2,,0,0,1,0,0
"POINT (9.623953537000030 52.291084638000001)",Unfall 22024 (2022) Kat:3, Licht: 0,22024,3,1,8,11,14,6,,0,0,1,0,0
"POINT (9.627911735000049 52.394429172999999)",Unfall 22027 (2022) Kat:3, Licht: 1,22027,3,2,2,11,17,3,,1,0,1,0,0
"POINT (9.583000125000069 52.397126479000100)",Unfall 22038 (2022) Kat:3, Licht: 2,22038,3,6,4,12,07,5,,2,1,0,0,0
"POINT (9.782984090000070 52.259742717999998)",Unfall 22054 (2022) Kat:2, Licht: 0,22054,2,1,8,12,13,2,,0,0,1,0,0
"POINT (9.649057877000081 52.395999285000102)",Unfall 22061 (2022) Kat:2, Licht: 0,22061,2,6,4,11,13,6,,0,0,1,0,0
"POINT (9.732352308000030 52.435298908999997)",Unfall 22063 (2022) Kat:3, Licht: 0,22063,3,6,2,12,15,6,,0,0,1,0,0
"POINT (9.575291895000021 52.418972512000003)",Unfall 22084 (2022) Kat:3, Licht: 0,22084,3,2,5,12,13,6,,0,0,1,0,0
"POINT (9.679348817000060 52.433232742000001)",Unfall 22105 (2022) Kat:3, Licht: 2,22105,3,6,2,11,16,2,,2,0,1,0,0
"POINT (9.689127953000019 52.378087903999997)",Unfall 22107 (2022) Kat:3, Licht: 2,22107,3,1,0,12,18,6,,2,1,0,0,0
"POINT (9.355429044000060 52.452096418000103)",Unfall 22111 (2022) Kat:3, Licht: 1,22111,3,1,0,12,15,2,,1,1,0,0,0
"POINT (9.600373123000050 52.394383120000001)",Unfall 22112 (2022) Kat:3, Licht: 1,22112,3,5,0,11,07,6,,1,1,1,0,0
"POINT (9.730081824000020 52.382195148999998)",Unfall 22115 (2022) Kat:3, Licht: 2,22115,3,2,5,12,19,7,,2,0,1,0,0
"POINT (9.486815379000060 52.560524061000102)",Unfall 22131 (2022) Kat:3, Licht: 0,22131,3,3,5,12,14,3,,0,0,1,0,0
"POINT (9.836435517000041 52.499320112000099)",Unfall 22150 (2022) Kat:3, Licht: 0,22150,3,1,8,11,13,3,,0,1,0,0,0
"POINT (9.733470157000060 52.384482071000001)",Unfall 22153 (2022) Kat:3, Licht: 2,22153,3,6,2,11,17,4,,2,0,1,0,0
"POINT (9.732012494000060 52.429474042999999)",Unfall 22162 (2022) Kat:3, Licht: 2,22162,3,2,5,12,06,5,,2,0,0,0,0
"POINT (9.773149761000070 52.333116598000103)",Unfall 22172 (2022) Kat:3, Licht: 2,22172,3,3,5,12,19,6,,2,1,1,0,0
"POINT (9.767963758000059 52.298287414000100)",Unfall 22179 (2022) Kat:3, Licht: 0,22179,3,1,0,11,15,3,,0,1,0,0,0
"POINT (9.724997111000050 52.521669420000102)",Unfall 22186 (2022) Kat:3, Licht: 0,22186,3,3,5,12,11,6,,0,0,1,0,0
"POINT (9.554793381000019 52.421409899000103)",Unfall 22190 (2022) Kat:3, Licht: 0,22190,3,6,2,12,12,5,,0,0,1,0,0
"POINT (9.748882068000061 52.362229438999996)",Unfall 22191 (2022) Kat:3, Licht: 0,22191,3,6,3,11,08,3,,0,1,0,0,0
"POINT (9.800165488000060 52.406378489000097)",Unfall 22202 (2022) Kat:3, Licht: 0,22202,3,6,0,12,11,5,,0,1,1,0,0
"POINT (9.941655756000049 52.498850384999997)",Unfall 22207 (2022) Kat:3, Licht: 1,22207,3,3,5,12,16,6,,1,0,1,0,0
"POINT (9.734205240000049 52.369056168000000)",Unfall 22212 (2022) Kat:3, Licht: 2,22212,3,2,5,11,17,6,,2,1,1,0,0
"POINT (9.782554516000060 52.372056493999999)",Unfall 22220 (2022) Kat:3, Licht: 2,22220,3,2,5,12,23,3,,2,1,0,0,0
"POINT (9.627310563000041 52.423230689000000)",Unfall 22231 (2022) Kat:3, Licht: 0,22231,3,6,2,12,13,6,,0,0,1,0,0
"POINT (10.169065775000000 52.415538395000098)",Unfall 22245 (2022) Kat:3, Licht: 2,22245,3,7,8,12,06,3,,2,0,1,0,0
"POINT (9.730384694000071 52.383781892999998)",Unfall 22260 (2022) Kat:2, Licht: 0,22260,2,3,0,11,12,3,,0,0,1,0,1
"POINT (9.983838103000039 52.444599654000100)",Unfall 22261 (2022) Kat:3, Licht: 2,22261,3,7,6,11,18,5,,2,0,1,1,0
"POINT (9.691580992000070 52.376750866000101)",Unfall 22276 (2022) Kat:2, Licht: 2,22276,2,4,6,11,17,3,,2,1,0,1,0
"POINT (9.730199181000049 52.368952132000103)",Unfall 22284 (2022) Kat:3, Licht: 2,22284,3,3,5,12,18,1,,2,1,1,0,0
"POINT (9.764371746000050 52.342871662000100)",Unfall 22289 (2022) Kat:3, Licht: 0,22289,3,2,5,12,09,6,,0,0,1,0,0
"POINT (9.676322326000051 52.393920509000097)",Unfall 22309 (2022) Kat:3, Licht: 0,22309,3,6,2,12,15,7,,0,0,1,0,0
"POINT (9.724180837000061 52.379741213999999)",Unfall 22327 (2022) Kat:3, Licht: 2,22327,3,6,2,11,00,1,,2,0,1,0,0
"POINT (9.815441336000051 52.303414657000097)",Unfall 22338 (2022) Kat:3, Licht: 0,22338,3,4,6,11,07,6,,0,0,0,1,0
"POINT (9.600133531000040 52.319824568999998)",Unfall 22340 (2022) Kat:3, Licht: 2,22340,3,6,2,12,17,4,,2,0,1,0,0
"POINT (9.522213455000040 52.406203327000100)",Unfall 22355 (2022) Kat:3, Licht: 0,22355,3,2,2,11,12,2,,0,0,1,0,0
"POINT (9.821058501000040 52.297557794000099)",Unfall 22359 (2022) Kat:2, Licht: 2,22359,2,6,2,11,06,4,,2,0,1,0,0
"POINT (9.735658621000031 52.396197049000101)",Unfall 22361 (2022) Kat:3, Licht: 2,22361,3,3,5,11,05,4,,2,1,1,0,0
"POINT (9.650726594000050 52.390995960000097)",Unfall 22386 (2022) Kat:2, Licht: 2,22386,2,2,6,11,17,5,,2,0,1,1,0
"POINT (9.924559888000029 52.366178083000101)",Unfall 22389 (2022) Kat:3, Licht: 2,22389,3,2,5,12,17,4,,2,0,1,0,0
"POINT (9.885057466000029 52.466977032999999)",Unfall 22390 (2022) Kat:3, Licht: 0,22390,3,7,0,12,14,3,,0,0,1,0,0
"POINT (9.933397842000030 52.337289533000003)",Unfall 22392 (2022) Kat:3, Licht: 0,22392,3,6,2,11,13,2,,0,0,1,0,0
"POINT (9.936375955000070 52.445531428999999)",Unfall 22398 (2022) Kat:2, Licht: 2,22398,2,2,4,12,16,6,,2,0,1,0,0
"POINT (9.728372211000019 52.374096634000097)",Unfall 22414 (2022) Kat:3, Licht: 0,22414,3,2,5,12,13,2,,0,1,1,0,0
"POINT (9.730306569000049 52.382272721000000)",Unfall 22417 (2022) Kat:3, Licht: 1,22417,3,2,3,12,16,5,,1,1,1,0,0
"POINT (9.720208619000060 52.391725186000002)",Unfall 22418 (2022) Kat:3, Licht: 0,22418,3,6,2,12,16,5,,0,1,0,0,0
"POINT (9.814909642000030 52.303484298999997)",Unfall 22440 (2022) Kat:3, Licht: 0,22440,3,6,2,11,16,3,,0,0,1,0,0
"POINT (9.827878514000080 52.360974419999998)",Unfall 22448 (2022) Kat:3, Licht: 1,22448,3,2,3,12,16,2,,1,1,1,0,0
"POINT (9.512667114000070 52.412294822000000)",Unfall 22460 (2022) Kat:3, Licht: 2,22460,3,7,2,11,17,4,,2,0,1,0,0
"POINT (9.892573145000030 52.429752420000099)",Unfall 22461 (2022) Kat:2, Licht: 2,22461,2,6,2,11,06,6,,2,0,1,0,1
"POINT (9.690575687000029 52.430229799000102)",Unfall 22465 (2022) Kat:3, Licht: 0,22465,3,6,2,11,13,3,,0,0,0,0,0
"POINT (9.456603735000041 52.485771200000002)",Unfall 22469 (2022) Kat:3, Licht: 0,22469,3,1,0,12,09,3,,0,0,0,0,1
"POINT (9.626636982000040 52.267380948000003)",Unfall 22476 (2022) Kat:3, Licht: 2,22476,3,1,8,12,18,5,,2,0,1,0,0
"POINT (9.650043124000041 52.423938834000097)",Unfall 22505 (2022) Kat:3, Licht: 2,22505,3,6,4,12,16,5,,2,1,0,0,0
"POINT (9.726939438000040 52.381072289000002)",Unfall 22513 (2022) Kat:3, Licht: 0,22513,3,3,5,12,10,4,,0,1,1,0,0
"POINT (9.837038128000071 52.490801353999998)",Unfall 22522 (2022) Kat:3, Licht: 0,22522,3,3,0,12,13,6,,0,0,1,0,0
"POINT (9.484082922000029 52.456132147000098)",Unfall 22527 (2022) Kat:2, Licht: 0,22527,2,1,0,11,15,6,,0,0,0,0,1
"POINT (9.718866096000060 52.333486997000101)",Unfall 22537 (2022) Kat:3, Licht: 2,22537,3,3,5,12,19,3,,2,0,1,0,0
"POINT (9.972973547000040 52.315285735000003)",Unfall 22556 (2022) Kat:3, Licht: 0,22556,3,3,5,11,15,3,,0,0,1,0,1
"POINT (9.722534785000050 52.378446912000101)",Unfall 22564 (2022) Kat:3, Licht: 2,22564,3,6,2,12,19,2,,2,0,1,0,0
"POINT (9.735262767000050 52.394560279000103)",Unfall 22567 (2022) Kat:3, Licht: 2,22567,3,6,2,11,16,6,,2,0,1,0,0
"POINT (9.544738355000050 52.462130656000099)",Unfall 22568 (2022) Kat:3, Licht: 1,22568,3,3,5,12,16,5,,1,0,1,0,0
"POINT (9.875098269000031 52.437895322000003)",Unfall 22578 (2022) Kat:3, Licht: 0,22578,3,1,9,11,11,5,,0,0,1,0,0