WKT,Name,OBJECTID,UKATEGORIE,UTYP1,UART,UMONAT,USTUNDE,UWOCHENTAG,STRZUSTAND,ULICHTVERH,ISTRAD,ISTPKW,ISTFUSS,ISTKRAD
"POINT (9.396970106000030 52.422633353999998)",Unfall 24391 (2022) Kat:2, Licht: 0,24391,2,7,0,11,08,7,,0,0,0,0,0
"POINT (10.040769029000000 52.376796522000099)",Unfall 24393 (2022) Kat:3, Licht: 2,24393,3,6,2,12,17,5,,2,0,1,0,0
"POINT (9.644742585000071 52.423143250000102)",Unfall 24397 (2022) Kat:3, Licht: 0,24397,3,6,2,11,08,3,,0,0,1,0,0
"POINT (9.488118829000030 52.291325192000002)",Unfall 24402 (2022) Kat:3, Licht: 2,24402,3,2,4,12,07,3,,2,0,0,0,0
"POINT (9.700206672000039 52.347526570000099)",Unfall 24407 (2022) Kat:3, Licht: 0,24407,3,6,2,11,14,6,,0,0,1,0,0
"POINT (9.726388156000040 52.380836112000097)",Unfall 24415 (2022) Kat:3, Licht: 0,24415,3,3,5,11,11,6,,0,1,1,0,0
"POINT (9.798122310000050 52.346031792000097)",Unfall 24417 (2022) Kat:3, Licht: 0,24417,3,6,2,12,13,4,,0,0,1,0,0
"POINT (9.692814207000030 52.218531884000100)",Unfall 24422 (2022) Kat:3, Licht: 2,24422,3,1,8,12,16,3,,2,0,1,0,0
"POINT (9.691944441000031 52.333045189000103)",Unfall 24430 (2022) Kat:3, Licht: 2,24430,3,7,8,12,06,7,,2,0,1,0,0
"POINT (9.815766681000071 52.521831276000100)",Unfall 24443 (2022) Kat:3, Licht: 2,24443,3,6,0,11,16,3,,2,0,0,0,0
"POINT (10.094576727000099 52.486994595000098)",Unfall 24449 (2022) Kat:3, Licht: 0,24449,3,3,5,12,11,3,,0,0,1,0,0
"POINT (9.467257650000020 52.537298818000103)",Unfall 24453 (2022) Kat:3, Licht: 0,24453,3,2,4,11,11,6,,0,0,1,0,1
"POINT (9.847280921000049 52.274220651000100)",Unfall 24457 (2022) Kat:3, Licht: 0,24457,3,1,2,11,09,1,,0,0,1,0,0
"POINT (9.869170917000080 52.360362531000099)",Unfall 24464 (2022) Kat:3, Licht: 2,24464,3,6,2,11,18,3,,2,0,1,0,0
"POINT (9.554207507000060 52.421548123999997)",Unfall 24467 (2022) Kat:3, Licht: 0,24467,3,7,9,12,08,7,,0,0,1,0,0
"POINT (9.743435911000059 52.547443688000001)",Unfall 24469 (2022) Kat:3, Licht: 0,24469,3,4,6,12,09,3,,0,0,1,1,0
"POINT (9.582915926000060 52.423631829999998)",Unfall 24471 (2022) Kat:3, Licht: 0,24471,3,6,2,12,11,2,,0,0,1,0,0
"POINT (9.415169584000070 52.327826655000102)",Unfall 24478 (2022) Kat:3, Licht: 0,24478,3,3,5,11,15,5,,0,1,1,0,0
"POINT (9.745753603000029 52.209397729999999)",Unfall 24480 (2022) Kat:3, Licht: 0,24480,3,3,5,12,11,5,,0,0,1,0,0
"POINT (9.727269224000050 52.438933763000101)",Unfall 24482 (2022) Kat:3, Licht: 0,24482,3,3,5,12,14,5,,0,1,1,0,0
"POINT (10.081242587000100 52.452497003000097)",Unfall 24490 (2022) Kat:1, Licht: 2,24490,1,7,8,12,04,4,,2,0,0,0,0
"POINT (9.736171003000040 52.399434558000102)",Unfall 24492 (2022) Kat:3, Licht: 1,24492,3,2,3,12,08,2,,1,1,0,0,0
"POINT (9.786716047000031 52.564369649000099)",Unfall 24502 (2022) Kat:3, Licht: 0,24502,3,6,2,11,12,5,,0,0,1,0,0
"POINT (10.020887718999999 52.382655577999998)",Unfall 24524 (2022) Kat:3, Licht: 0,24524,3,7,8,12,15,5,,0,0,1,0,0
"POINT (9.585457884000050 52.435302831000101)",Unfall 24530 (2022) Kat:3, Licht: 0,24530,3,2,2,12,12,5,,0,0,1,0,0
"POINT (9.798682668000030 52.345366597000101)",Unfall 24542 (2022) Kat:3, Licht: 0,24542,3,6,2,12,13,4,,0,0,1,0,0
"POINT (9.751932914000070 52.358272532999997)",Unfall 24546 (2022) Kat:3, Licht: 0,24546,3,2,3,11,11,4,,0,0,1,0,0
"POINT (10.184006957000101 52.465395124000104)",Unfall 24557 (2022) Kat:3, Licht: 0,24557,3,2,4,11,15,2,,0,0,1,0,0
"POINT (9.847262869000080 52.426880883000102)",Unfall 24561 (2022) Kat:3, Licht: 0,24561,3,2,3,11,12,4,,0,1,1,0,0
"POINT (9.581023695000059 52.188341778999998)",Unfall 24580 (2022) Kat:3, Licht: 2,24580,3,6,4,11,05,5,,2,0,0,0,0
"POINT (9.829508174000070 52.399868992000101)",Unfall 24587 (2022) Kat:3, Licht: 0,24587,3,6,2,12,10,4,,0,0,1,0,0
"POINT (9.842678251000050 52.415844941000003)",Unfall 24600 (2022) Kat:3, Licht: 0,24600,3,6,3,12,10,7,,0,0,1,0,0
"POINT (9.787574029000041 52.372162945000099)",Unfall 24624 (2022) Kat:3, Licht: 0,24624,3,3,5,12,12,6,,0,0,1,0,0
"POINT (9.651719011000070 52.417127648000097)",Unfall 24629 (2022) Kat:3, Licht: 2,24629,3,3,5,12,21,5,,2,1,1,0,0
"POINT (9.898710436000041 52.432861831000103)",Unfall 24630 (2022) Kat:3, Licht: 2,24630,3,1,8,11,07,6,,2,0,1,0,0
"POINT (9.817523568000070 52.301675885000101)",Unfall 24633 (2022) Kat:2, Licht: 1,24633,2,4,6,11,06,3,,1,0,1,1,0
"POINT (9.766359287000061 52.340911871000102)",Unfall 24643 (2022) Kat:3, Licht: 2,24643,3,1,8,11,23,7,,2,0,1,0,0
"POINT (10.012815860000000 52.447145995000000)",Unfall 24646 (2022) Kat:3, Licht: 0,24646,3,3,5,11,12,5,,0,1,1,0,0
"POINT (9.513625995000041 52.411407158000003)",Unfall 24675 (2022) Kat:3, Licht: 0,24675,3,6,2,11,14,3,,0,0,1,0,0
"POINT (9.744192434000070 52.452962903000099)",Unfall 24679 (2022) Kat:3, Licht: 0,24679,3,2,6,11,13,5,,0,0,1,1,0
"POINT (9.742195097000041 52.378759645999999)",Unfall 153963 (2022) Kat:3, Licht: 0,153963,3,7,0,01,11,3,,0,0,0,1,0
"POINT (9.609927692000040 52.426579907000097)",Unfall 153966 (2022) Kat:3, Licht: 0,153966,3,4,6,01,08,4,,0,0,1,1,0
"POINT (9.716433614000040 52.388605798000100)",Unfall 153977 (2022) Kat:2, Licht: 2,153977,2,2,6,01,20,7,,2,0,1,1,0
"POINT (9.823670464000029 52.359845163000003)",Unfall 154003 (2022) Kat:3, Licht: 0,154003,3,3,0,02,08,5,,0,1,1,1,0
"POINT (9.797452396000040 52.318643872999999)",Unfall 154016 (2022) Kat:3, Licht: 2,154016,3,3,5,01,19,2,,2,0,1,0,0
"POINT (9.850557098000021 52.396589678000097)",Unfall 154033 (2022) Kat:3, Licht: 0,154033,3,6,2,01,08,4,,0,1,1,0,0
"POINT (9.753708211000060 52.439752376000101)",Unfall 154035 (2022) Kat:3, Licht: 0,154035,3,3,5,02,12,7,,0,1,1,0,0
"POINT (9.932463568000060 52.344812365999999)",Unfall 154054 (2022) Kat:3, Licht: 2,154054,3,3,6,01,19,2,,2,0,1,1,0
"POINT (9.740734122000051 52.410157718999997)",Unfall 154055 (2022) Kat:3, Licht: 0,154055,3,5,1,02,09,5,,0,0,1,0,0
"POINT (9.602132065000029 52.437925918000097)",Unfall 154066 (2022) Kat:3, Licht: 0,154066,3,3,5,02,13,3,,0,0,1,0,0
"POINT (9.777498898000029 52.334310623000100)",Unfall 154072 (2022) Kat:3, Licht: 1,154072,3,1,0,01,07,5,,1,1,0,0,0
"POINT (9.781422291000069 52.420071819999997)",Unfall 154074 (2022) Kat:3, Licht: 2,154074,3,3,5,01,19,2,,2,1,1,0,0
"POINT (9.771853670000040 52.350757778000101)",Unfall 154081 (2022) Kat:3, Licht: 2,154081,3,3,5,02,17,5,,2,0,1,0,0
"POINT (9.625158359000070 52.503707831000000)",Unfall 154092 (2022) Kat:3, Licht: 2,154092,3,3,5,01,18,6,,2,0,1,0,0
"POINT (9.458814907000029 52.514475298999997)",Unfall 154093 (2022) Kat:3, Licht: 0,154093,3,6,4,01,08,2,,0,1,1,0,0
"POINT (9.732745157000069 52.392613035000103)",Unfall 154096 (2022) Kat:3, Licht: 0,154096,3,6,6,01,13,3,,0,0,1,1,0
"POINT (9.730641953000029 52.391360307000099)",Unfall 154104 (2022) Kat:3, Licht: 2,154104,3,2,6,01,06,6,,2,0,1,1,0
"POINT (9.775934105000029 52.416630265999999)",Unfall 154109 (2022) Kat:3, Licht: 2,154109,3,6,2,02,17,5,,2,0,1,0,0
"POINT (9.781746463000051 52.398552172999999)",Unfall 154119 (2022) Kat:3, Licht: 1,154119,3,6,2,01,07,5,,1,0,1,0,0
"POINT (9.725278460000030 52.394845728000099)",Unfall 154131 (2022) Kat:3, Licht: 2,154131,3,3,5,01,01,7,,2,1,1,0,0
"POINT (9.762591741000049 52.410287746000101)",Unfall 154135 (2022) Kat:3, Licht: 2,154135,3,6,2,01,20,3,,2,0,1,0,0
"POINT (9.665482812000050 52.370095822000103)",Unfall 154142 (2022) Kat:3, Licht: 0,154142,3,1,0,01,15,5,,0,1,0,0,0
"POINT (10.009335960000000 52.455489317999998)",Unfall 154153 (2022) Kat:3, Licht: 1,154153,3,3,5,01,07,4,,1,1,1,0,0
"POINT (9.967366858000050 52.372741205000104)",Unfall 154156 (2022) Kat:2, Licht: 0,154156,2,7,0,01,08,5,,0,1,0,0,0
"POINT (9.717406938000069 52.373032359000000)",Unfall 154165 (2022) Kat:3, Licht: 0,154165,3,6,2,02,15,2,,0,0,1,0,0
"POINT (9.715998021000081 52.378212065000099)",Unfall 154175 (2022) Kat:3, Licht: 0,154175,3,6,4,01,10,2,,0,1,1,0,0
"POINT (9.730544224000029 52.391264873000097)",Unfall 154185 (2022) Kat:3, Licht: 2,154185,3,2,6,01,06,2,,2,0,1,1,0
"POINT (9.960578999000059 52.369033467000101)",Unfall 154189 (2022) Kat:3, Licht: 1,154189,3,2,2,01,16,3,,1,0,1,0,0
"POINT (9.815278128000051 52.331814372000103)",Unfall 154201 (2022) Kat:3, Licht: 2,154201,3,6,2,01,18,2,,2,0,1,0,0
"POINT (9.799021787000070 52.398046247000103)",Unfall 154202 (2022) Kat:3, Licht: 2,154202,3,5,1,02,20,4,,2,0,1,0,0
"POINT (9.773419475000029 52.410264857000101)",Unfall 154213 (2022) Kat:3, Licht: 2,154213,3,2,5,01,20,2,,2,0,1,0,0
"POINT (9.663043372000059 52.388589436000103)",Unfall 154215 (2022) Kat:3, Licht: 0,154215,3,3,5,01,13,2,,0,0,1,0,0
"POINT (9.751338602000031 52.372373503000098)",Unfall 154230 (2022) Kat:3, Licht: 1,154230,3,2,3,02,16,5,,1,1,1,0,0
"POINT (9.461886347000069 52.301855325000098)",Unfall 154231 (2022) Kat:3, Licht: 0,154231,3,7,6,01,09,3,,0,0,1,1,0
"POINT (9.739322193000019 52.362840020000100)",Unfall 154265 (2022) Kat:3, Licht: 1,154265,3,6,2,01,07,5,,1,0,1,0,0
"POINT (9.819320802000050 52.356015726000102)",Unfall 154281 (2022) Kat:3, Licht: 0,154281,3,3,5,01,14,6,,0,0,1,0,0
"POINT (9.730919051000059 52.374977528999999)",Unfall 154286 (2022) Kat:3, Licht: 2,154286,3,6,2,02,19,5,,2,0,1,0,0
"POINT (9.856156876000060 52.397216952000100)",Unfall 154296 (2022) Kat:2, Licht: 2,154296,2,3,5,01,16,6,,2,1,1,0,0
"POINT (9.694392765000030 52.404147618000103)",Unfall 154325 (2022) Kat:3, Licht: 0,154325,3,6,2,01,15,4,,0,0,1,0,0
"POINT (9.751743247000039 52.386199531000003)",Unfall 154326 (2022) Kat:3, Licht: 2,154326,3,7,5,02,18,2,,2,0,1,0,0
"POINT (9.724363876000041 52.385531079000003)",Unfall 154334 (2022) Kat:3, Licht: 2,154334,3,5,1,01,16,2,,2,1,0,0,0
"POINT (9.761691554000040 52.360367136000001)",Unfall 154339 (2022) Kat:3, Licht: 0,154339,3,6,2,01,14,6,,0,0,1,0,0
"POINT (9.712442309000039 52.366929526000000)",Unfall 154340 (2022) Kat:3, Licht: 1,154340,3,5,1,01,16,5,,1,1,1,0,0
"POINT (9.773341984000069 52.350848411000101)",Unfall 154348 (2022) Kat:3, Licht: 0,154348,3,7,0,01,12,1,,0,0,0,0,0
"POINT (9.734459353000030 52.375186472000102)",Unfall 154356 (2022) Kat:3, Licht: 2,154356,3,7,6,01,18,2,,2,0,1,1,0
"POINT (9.741619456000020 52.380200281999997)",Unfall 154362 (2022) Kat:3, Licht: 2,154362,3,3,5,01,19,4,,2,1,1,0,0
"POINT (9.756498628000029 52.390716704000099)",Unfall 154377 (2022) Kat:3, Licht: 2,154377,3,6,2,01,18,3,,2,0,1,0,0
"POINT (9.975393556000030 52.374215591000102)",Unfall 154381 (2022) Kat:3, Licht: 0,154381,3,6,3,02,08,3,,0,1,1,0,0
"POINT (9.747629811000021 52.413212784000102)",Unfall 154401 (2022) Kat:3, Licht: 0,154401,3,1,1,01,09,5,,0,0,1,0,0
"POINT (9.722294375000050 52.351632236999997)",Unfall 154407 (2022) Kat:3, Licht: 1,154407,3,3,5,02,07,5,,1,1,1,0,0
"POINT (9.490835601000070 52.307852230000002)",Unfall 154410 (2022) Kat:3, Licht: 1,154410,3,3,5,02,17,2,,1,0,1,0,0
"POINT (9.694162985000050 52.352782904000001)",Unfall 154426 (2022) Kat:3, Licht: 0,154426,3,6,2,01,14,5,,0,0,1,0,0
"POINT (9.849713356000050 52.366768185000097)",Unfall 154429 (2022) Kat:2, Licht: 0,154429,2,3,5,01,11,2,,0,1,0,0,0
"POINT (9.632429088000039 52.417436277000000)",Unfall 154430 (2022) Kat:3, Licht: 0,154430,3,7,6,02,10,3,,0,0,1,1,0
"POINT (9.764283603000020 52.355345002000000)",Unfall 154439 (2022) Kat:3, Licht: 1,154439,3,1,0,01,08,5,,1,1,0,0,0
"POINT (9.728397286000069 52.394576976000103)",Unfall 154445 (2022) Kat:3, Licht: 2,154445,3,2,6,01,23,2,,2,0,1,1,0
"POINT (9.588908504000070 52.418060796000098)",Unfall 154448 (2022) Kat:2, Licht: 0,154448,2,6,3,01,15,3,,0,1,0,0,0
"POINT (9.738577317000020 52.381374178000002)",Unfall 154453 (2022) Kat:3, Licht: 2,154453,3,2,5,01,22,4,,2,0,1,0,0
"POINT (9.724718982000070 52.368401139000099)",Unfall 154465 (2022) Kat:2, Licht: 2,154465,2,2,4,01,07,4,,2,1,1,0,0
"POINT (9.736252925000031 52.384205270000102)",Unfall 154469 (2022) Kat:3, Licht: 0,154469,3,1,0,01,10,3,,0,0,0,0,0
"POINT (9.777517661000051 52.362520871000100)",Unfall 154477 (2022) Kat:3, Licht: 2,154477,3,6,2,01,20,4,,2,0,1,0,0
"POINT (9.771724577000040 52.397538902000100)",Unfall 154484 (2022) Kat:2, Licht: 0,154484,2,2,6,02,15,1,,0,0,1,1,0
"POINT (9.828756321000069 52.427589597000100)",Unfall 154488 (2022) Kat:3, Licht: 1,154488,3,2,5,01,16,2,,1,0,1,0,1
"POINT (9.740495253000059 52.374108556000103)",Unfall 154491 (2022) Kat:3, Licht: 2,154491,3,3,5,01,18,4,,2,0,1,0,0
"POINT (9.788886022000041 52.359026163000102)",Unfall 154492 (2022) Kat:3, Licht: 0,154492,3,7,7,01,13,4,,0,1,0,0,0
"POINT (9.709842279000039 52.348730635000003)",Unfall 154516 (2022) Kat:3, Licht: 2,154516,3,1,0,01,06,3,,2,1,0,0,0
"POINT (9.754579908000039 52.438001727000000)",Unfall 154521 (2022) Kat:3, Licht: 0,154521,3,3,5,01,14,1,,0,1,1,0,0
"POINT (9.674427403000040 52.409947365000100)",Unfall 154522 (2022) Kat:3, Licht: 0,154522,3,3,5,01,10,2,,0,1,0,0,1
"POINT (9.711674378000049 52.372005025000099)",Unfall 154528 (2022) Kat:3, Licht: 0,154528,3,1,0,02,13,5,,0,1,0,0,0
"POINT (9.696243785000039 52.341906429000097)",Unfall 154535 (2022) Kat:3, Licht: 2,154535,3,1,0,01,21,6,,2,0,0,0,0
"POINT (9.812594595000061 52.299452590999998)",Unfall 154546 (2022) Kat:3, Licht: 0,154546,3,1,0,01,08,5,,0,1,0,0,0
"POINT (9.773341984000069 52.350848411000101)",Unfall 154554 (2022) Kat:2, Licht: 2,154554,2,1,0,01,06,3,,2,1,0,0,0
"POINT (9.761133012000069 52.365850776999999)",Unfall 154558 (2022) Kat:3, Licht: 2,154558,3,7,0,02,20,3,,2,1,0,0,0
"POINT (9.703284354000060 52.369461329000004)",Unfall 154561 (2022) Kat:3, Licht: 1,154561,3,7,2,01,22,7,,1,0,1,0,0
"POINT (9.759410682000070 52.395949923000003)",Unfall 154564 (2022) Kat:3, Licht: 2,154564,3,2,6,01,07,5,,2,0,0,1,0
"POINT (9.729697192000060 52.374707071000003)",Unfall 154566 (2022) Kat:3, Licht: 2,154566,3,1,0,01,16,1,,2,0,0,0,0
"POINT (9.765664764000061 52.338247107000001)",Unfall 154577 (2022) Kat:3, Licht: 1,154577,3,4,6,01,16,5,,1,0,1,1,0
"POINT (9.748777685000050 52.389012585000003)",Unfall 154584 (2022) Kat:3, Licht: 0,154584,3,5,1,01,09,3,,0,1,1,0,0
"POINT (9.811570740000040 52.410642322999998)",Unfall 154594 (2022) Kat:3, Licht: 2,154594,3,7,0,01,06,7,,2,0,0,0,0
"POINT (9.614364407000039 52.419432520999997)",Unfall 154606 (2022) Kat:3, Licht: 0,154606,3,3,5,02,13,6,,0,0,1,0,0
"POINT (9.656023395000030 52.412255999000102)",Unfall 154627 (2022) Kat:3, Licht: 0,154627,3,3,0,02,13,6,,0,1,0,0,0
"POINT (9.714861166000050 52.329312100000003)",Unfall 154634 (2022) Kat:3, Licht: 0,154634,3,5,1,01,08,4,,0,1,1,0,0
"POINT (9.747314149000029 52.411260802000101)",Unfall 154638 (2022) Kat:3, Licht: 2,154638,3,3,5,02,06,2,,2,0,1,0,0
"POINT (9.566338481000059 52.401086558000003)",Unfall 154639 (2022) Kat:3, Licht: 0,154639,3,5,1,01,10,7,,0,0,1,0,0
"POINT (9.735205576000061 52.440069648000097)",Unfall 154640 (2022) Kat:3, Licht: 2,154640,3,3,5,01,17,3,,2,1,1,0,0
"POINT (9.641921256000050 52.416072405000101)",Unfall 154643 (2022) Kat:3, Licht: 0,154643,3,5,1,01,13,7,,0,0,1,0,0
"POINT (9.693282704000071 52.364765542999997)",Unfall 154647 (2022) Kat:3, Licht: 2,154647,3,7,0,01,03,1,,2,0,0,0,0
"POINT (9.692694377000070 52.396664766000100)",Unfall 154654 (2022) Kat:3, Licht: 1,154654,3,2,6,01,07,5,,1,0,1,1,0
"POINT (9.749053056000040 52.377795271000103)",Unfall 154661 (2022) Kat:3, Licht: 1,154661,3,3,5,01,16,3,,1,1,1,0,0
"POINT (10.007175991000100 52.446455156000098)",Unfall 154664 (2022) Kat:2, Licht: 0,154664,2,7,6,01,10,4,,0,0,1,1,0
"POINT (9.740997632000070 52.393614506000098)",Unfall 154666 (2022) Kat:3, Licht: 2,154666,3,1,9,01,00,6,,2,0,1,0,0
"POINT (9.718713502000069 52.378725533000100)",Unfall 154670 (2022) Kat:3, Licht: 0,154670,3,1,0,01,12,6,,0,1,0,0,0
"POINT (9.739666121000029 52.376923026000000)",Unfall 154679 (2022) Kat:3, Licht: 0,154679,3,1,0,01,14,5,,0,1,0,0,0
"POINT (9.750055597000030 52.373557415999997)",Unfall 154695 (2022) Kat:3, Licht: 2,154695,3,3,6,02,17,2,,2,0,1,1,0
"POINT (10.074598300000000 52.483865250000100)",Unfall 154704 (2022) Kat:3, Licht: 0,154704,3,4,6,01,14,2,,0,0,1,1,0
"POINT (9.732381241000040 52.438538390000097)",Unfall 154705 (2022) Kat:3, Licht: 0,154705,3,3,5,01,16,3,,0,1,1,0,0
"POINT (9.857457029000050 52.489482271999996)",Unfall 154714 (2022) Kat:3, Licht: 0,154714,3,5,1,02,11,3,,0,0,1,0,0
"POINT (9.725124078000020 52.387601538000098)",Unfall 154723 (2022) Kat:3, Licht: 2,154723,3,2,6,01,19,5,,2,0,1,1,0
"POINT (9.717182829000020 52.344729538000102)",Unfall 154730 (2022) Kat:3, Licht: 0,154730,3,6,2,01,07,6,,0,0,1,0,0
"POINT (9.604312749000030 52.446709888999997)",Unfall 154735 (2022) Kat:3, Licht: 2,154735,3,6,4,01,07,5,,2,0,1,0,0
"POINT (9.755578573000040 52.392646493000001)",Unfall 154757 (2022) Kat:3, Licht: 1,154757,3,1,0,01,08,3,,1,0,0,0,0
"POINT (9.819371335000030 52.429323694000097)",Unfall 154762 (2022) Kat:3, Licht: 0,154762,3,3,5,01,12,4,,0,1,1,0,0
"POINT (9.738073647000020 52.375858328000000)",Unfall 154766 (2022) Kat:3, Licht: 0,154766,3,5,3,02,15,4,,0,1,1,0,0
"POINT (9.737231579000021 52.370761226000099)",Unfall 154780 (2022) Kat:3, Licht: 2,154780,3,3,5,01,17,3,,2,1,1,0,0
"POINT (9.797328278000069 52.333160251000002)",Unfall 154792 (2022) Kat:3, Licht: 1,154792,3,5,1,01,07,7,,1,0,1,0,0
"POINT (9.733674997000040 52.375841149000102)",Unfall 154817 (2022) Kat:3, Licht: 2,154817,3,1,2,02,18,1,,2,0,0,0,0
"POINT (9.599623477000019 52.279293699999997)",Unfall 154824 (2022) Kat:3, Licht: 0,154824,3,7,0,02,15,6,,0,1,0,0,0
"POINT (9.735268254000060 52.399318371000000)",Unfall 154829 (2022) Kat:3, Licht: 2,154829,3,6,2,01,07,2,,2,0,1,0,0
"POINT (9.759889199000041 52.365736528000099)",Unfall 154832 (2022) Kat:3, Licht: 2,154832,3,2,6,01,17,3,,2,0,1,1,0
"POINT (9.763024249000070 52.340041289000098)",Unfall 154834 (2022) Kat:3, Licht: 0,154834,3,5,1,01,11,2,,0,1,1,0,0
"POINT (9.964078662000080 52.364906589999997)",Unfall 154852 (2022) Kat:2, Licht: 2,154852,2,2,5,01,18,4,,2,0,1,0,1
"POINT (9.732064664000060 52.396320538000097)",Unfall 154853 (2022) Kat:3, Licht: 0,154853,3,7,0,01,10,4,,0,1,1,0,0
"POINT (9.770826007000039 52.359487066000000)",Unfall 154898 (2022) Kat:3, Licht: 0,154898,3,3,5,01,11,5,,0,1,1,0,0
"POINT (9.736974860000030 52.404591828999997)",Unfall 154909 (2022) Kat:3, Licht: 2,154909,3,2,3,01,17,4,,2,1,0,0,0
"POINT (9.782548568000040 52.373287255000001)",Unfall 154912 (2022) Kat:3, Licht: 0,154912,3,1,0,01,07,5,,0,1,0,0,0
"POINT (9.913032209000050 52.358731865000003)",Unfall 154916 (2022) Kat:3, Licht: 2,154916,3,6,2,01,07,2,,2,0,1,0,0
"POINT (9.728814201000031 52.347639921000102)",Unfall 154919 (2022) Kat:3, Licht: 2,154919,3,3,5,01,17,3,,2,0,1,0,0
"POINT (9.610455088000039 52.410948727000097)",Unfall 154922 (2022) Kat:3, Licht: 2,154922,3,5,1,01,07,4,,2,0,1,0,0
"POINT (9.797463760000030 52.405082542000102)",Unfall 154923 (2022) Kat:3, Licht: 2,154923,3,6,2,02,17,2,,2,0,1,0,0
"POINT (9.709140843000061 52.448212517999998)",Unfall 154936 (2022) Kat:3, Licht: 0,154936,3,3,5,02,15,6,,0,1,1,0,0
"POINT (9.837458393000080 52.387389273000103)",Unfall 154946 (2022) Kat:3, Licht: 2,154946,3,3,5,01,07,2,,2,1,1,0,0
"POINT (9.752618728000069 52.395001377000000)",Unfall 154948 (2022) Kat:3, Licht: 0,154948,3,3,5,01,12,3,,0,0,1,0,0
"POINT (9.831139214000070 52.361688098999998)",Unfall 154962 (2022) Kat:3, Licht: 0,154962,3,7,9,01,08,6,,0,0,1,0,0
"POINT (9.733723755000030 52.399734590999998)",Unfall 154968 (2022) Kat:3, Licht: 2,154968,3,3,5,01,16,5,,2,1,1,0,0
"POINT (9.696434251000030 52.411167041000098)",Unfall 154978 (2022) Kat:3, Licht: 0,154978,3,3,5,01,11,4,,0,0,1,0,1
"POINT (9.759387485000049 52.410299151000103)",Unfall 154985 (2022) Kat:2, Licht: 2,154985,2,5,1,01,16,5,,2,0,1,0,0
"POINT (9.727992673000070 52.371071354000001)",Unfall 154988 (2022) Kat:3, Licht: 0,154988,3,4,6,02,08,5,,0,0,1,1,0
"POINT (9.746977392000080 52.406337964000002)",Unfall 154998 (2022) Kat:3, Licht: 0,154998,3,7,0,01,09,5,,0,1,0,0,0
"POINT (9.766058755000071 52.382000726000101)",Unfall 154999 (2022) Kat:3, Licht: 2,154999,3,1,8,01,07,2,,2,0,1,0,0
"POINT (9.726044339000049 52.385011996000102)",Unfall 155011 (2022) Kat:3, Licht: 0,155011,3,3,5,02,13,4,,0,1,1,0,0
"POINT (9.429934610000030 52.421066625000002)",Unfall 155022 (2022) Kat:3, Licht: 0,155022,3,7,8,01,17,2,,0,1,0,0,0
"POINT (9.727592521000080 52.394593989000001)",Unfall 155031 (2022) Kat:3, Licht: 0,155031,3,3,5,02,13,3,,0,0,1,0,0
"POINT (9.781668576000071 52.400375521000100)",Unfall 155035 (2022) Kat:3, Licht: 1,155035,3,4,0,01,16,7,,1,0,1,1,0
"POINT (9.438001367000030 52.424058844000101)",Unfall 155037 (2022) Kat:3, Licht: 0,155037,3,7,0,01,14,5,,0,0,1,1,0
"POINT (9.444380650000030 52.509810766999998)",Unfall 155050 (2022) Kat:3, Licht: 0,155050,3,7,0,01,09,5,,0,1,0,0,0
"POINT (9.553716763000070 52.208378564999997)",Unfall 155056 (2022) Kat:3, Licht: 2,155056,3,4,6,01,17,4,,2,0,1,1,0
"POINT (9.731986045000040 52.405065358000101)",Unfall 155057 (2022) Kat:3, Licht: 0,155057,3,3,5,02,10,5,,0,1,1,0,0
"POINT (9.736724290000041 52.412568299999997)",Unfall 155062 (2022) Kat:3, Licht: 2,155062,3,3,5,01,07,2,,2,1,1,0,0
"POINT (9.738903153000020 52.363498989000000)",Unfall 155070 (2022) Kat:3, Licht: 1,155070,3,3,5,01,07,4,,1,1,0,0,0
"POINT (9.666228195000031 52.415480334000101)",Unfall 155082 (2022) Kat:3, Licht: 1,155082,3,6,3,01,16,3,,1,0,1,0,0
"POINT (9.663490418000039 52.410617447000000)",Unfall 155114 (2022) Kat:3, Licht: 2,155114,3,4,6,02,18,2,,2,0,1,1,0
"POINT (9.799071093000070 52.376425826000101)",Unfall 155119 (2022) Kat:3, Licht: 2,155119,3,3,5,01,18,7,,2,0,1,0,0
"POINT (9.466368526000050 52.316580797000000)",Unfall 155138 (2022) Kat:3, Licht: 0,155138,3,2,5,03,11,5,,0,0,1,0,0
"POINT (9.657147487000030 52.407092294000101)",Unfall 155142 (2022) Kat:3, Licht: 0,155142,3,7,8,02,15,7,,0,0,0,0,1
"POINT (9.759872690000069 52.361661181000002)",Unfall 155145 (2022) Kat:3, Licht: 1,155145,3,1,0,03,19,3,,1,1,0,0,0