WKT,Name,OBJECTID,UKATEGORIE,UTYP1,UART,UMONAT,USTUNDE,UWOCHENTAG,STRZUSTAND,ULICHTVERH,ISTRAD,ISTPKW,ISTFUSS,ISTKRAD
"POINT (9.724710560000061 52.369953897000102)",Unfall 155959 (2022) Kat:3, Licht: 0,155959,3,7,4,03,17,3,,0,1,1,0,0
"POINT (9.662037114000039 52.408509841000097)",Unfall 155966 (2022) Kat:3, Licht: 0,155966,3,2,5,02,12,7,,0,1,1,0,0
"POINT (9.712528038000070 52.360795414999998)",Unfall 155968 (2022) Kat:3, Licht: 0,155968,3,6,2,03,14,2,,0,0,1,0,0
"POINT (9.734162529000059 52.420864569999999)",Unfall 155969 (2022) Kat:3, Licht: 0,155969,3,6,2,03,13,3,,0,0,1,0,0
"POINT (10.008817825000101 52.446336688000002)",Unfall 155971 (2022) Kat:3, Licht: 1,155971,3,3,5,02,07,4,,1,1,1,0,0
"POINT (9.720679066000059 52.436270047000100)",Unfall 155973 (2022) Kat:3, Licht: 0,155973,3,3,5,03,14,4,,0,1,0,0,0
"POINT (9.673609394000040 52.396244495000097)",Unfall 155983 (2022) Kat:2, Licht: 0,155983,2,6,2,03,15,3,,0,1,0,0,0
"POINT (9.723113635000059 52.381775523000002)",Unfall 155991 (2022) Kat:3, Licht: 2,155991,3,5,1,03,02,7,,2,1,1,0,0
"POINT (9.603233716000030 52.420353871000003)",Unfall 156001 (2022) Kat:3, Licht: 2,156001,3,5,1,03,19,6,,2,1,1,0,0
"POINT (9.824953618000050 52.293881010000099)",Unfall 156007 (2022) Kat:3, Licht: 0,156007,3,7,0,02,12,2,,0,0,0,0,1
"POINT (9.590233493000030 52.428211193000003)",Unfall 156008 (2022) Kat:3, Licht: 0,156008,3,3,5,03,13,3,,0,1,1,0,0
"POINT (9.721882460000071 52.417057063000101)",Unfall 156010 (2022) Kat:3, Licht: 2,156010,3,1,0,02,18,3,,2,1,0,0,0
"POINT (9.371662486000050 52.454334234000001)",Unfall 156012 (2022) Kat:3, Licht: 0,156012,3,7,0,03,17,5,,0,1,0,0,0
"POINT (9.766322585000070 52.340955032000103)",Unfall 156014 (2022) Kat:3, Licht: 0,156014,3,4,6,03,07,5,,0,0,1,1,0
"POINT (9.687452393000060 52.392577598000102)",Unfall 156027 (2022) Kat:3, Licht: 0,156027,3,6,2,03,16,7,,0,0,1,0,0
"POINT (9.591570681000061 52.415836640000101)",Unfall 156029 (2022) Kat:3, Licht: 0,156029,3,2,2,03,16,2,,0,0,1,0,0
"POINT (9.752125915000020 52.385474192000103)",Unfall 156031 (2022) Kat:3, Licht: 0,156031,3,6,3,03,10,3,,0,0,1,0,0
"POINT (9.713352794000061 52.371424435000101)",Unfall 156034 (2022) Kat:3, Licht: 0,156034,3,4,6,03,10,2,,0,1,0,1,0
"POINT (9.598160812000060 52.420570161999997)",Unfall 156040 (2022) Kat:3, Licht: 0,156040,3,2,5,03,07,7,,0,1,1,0,0
"POINT (9.528971735000029 52.200434791000099)",Unfall 156044 (2022) Kat:2, Licht: 2,156044,2,1,8,02,21,3,,2,0,1,0,0
"POINT (9.755015469000060 52.436046814000100)",Unfall 156047 (2022) Kat:3, Licht: 0,156047,3,2,6,02,14,4,,0,0,1,1,0
"POINT (9.960318350000019 52.369765946000001)",Unfall 156050 (2022) Kat:3, Licht: 0,156050,3,7,8,03,07,7,,0,0,0,0,0
"POINT (9.759556783000050 52.335267284000103)",Unfall 156056 (2022) Kat:3, Licht: 2,156056,3,6,2,02,17,3,,2,0,1,0,0
"POINT (9.969871192000030 52.317175638999998)",Unfall 156058 (2022) Kat:3, Licht: 0,156058,3,7,7,03,07,5,,0,0,0,0,0
"POINT (9.766750680000030 52.382297039999997)",Unfall 156059 (2022) Kat:3, Licht: 2,156059,3,2,4,02,06,3,,2,0,1,0,0
"POINT (9.819369545000029 52.429275926000102)",Unfall 156068 (2022) Kat:3, Licht: 2,156068,3,2,0,02,19,2,,2,1,0,0,0
"POINT (9.552204037000021 52.214729134999999)",Unfall 156074 (2022) Kat:2, Licht: 2,156074,2,3,5,03,20,2,,2,1,1,0,0
"POINT (9.539566654000049 52.207238783000001)",Unfall 156076 (2022) Kat:3, Licht: 0,156076,3,1,0,03,17,2,,0,1,0,0,0
"POINT (9.760854052000070 52.343955675000103)",Unfall 156077 (2022) Kat:3, Licht: 2,156077,3,7,1,02,02,7,,2,0,1,0,0
"POINT (9.819019082000070 52.391282103999998)",Unfall 156084 (2022) Kat:2, Licht: 2,156084,2,1,0,03,18,6,,2,1,0,0,0
"POINT (9.459393505000040 52.505370954999997)",Unfall 156111 (2022) Kat:3, Licht: 0,156111,3,7,6,02,10,2,,0,0,1,1,0
"POINT (9.756362149000040 52.390640580000102)",Unfall 156113 (2022) Kat:3, Licht: 0,156113,3,6,0,03,15,5,,0,0,1,0,1
"POINT (9.735313288000039 52.380422772000003)",Unfall 156117 (2022) Kat:3, Licht: 0,156117,3,7,7,02,10,4,,0,1,0,0,0
"POINT (9.738930803000070 52.363222442999998)",Unfall 156119 (2022) Kat:3, Licht: 0,156119,3,6,2,03,17,6,,0,0,1,0,0
"POINT (9.800327171000051 52.335223874000100)",Unfall 156120 (2022) Kat:3, Licht: 0,156120,3,3,5,02,12,6,,0,1,1,0,0
"POINT (10.006321395000001 52.441870908000098)",Unfall 156122 (2022) Kat:3, Licht: 0,156122,3,1,0,03,17,4,,0,0,0,0,0
"POINT (9.750428616000020 52.366058746000100)",Unfall 156125 (2022) Kat:2, Licht: 0,156125,2,4,6,03,15,3,,0,0,1,1,0
"POINT (9.756108110000071 52.365697283000003)",Unfall 156126 (2022) Kat:3, Licht: 0,156126,3,3,5,02,07,3,,0,0,1,0,0
"POINT (9.757219903000021 52.364261548000101)",Unfall 156131 (2022) Kat:3, Licht: 2,156131,3,3,5,03,23,6,,2,0,1,0,0
"POINT (9.754963574000040 52.367351413999998)",Unfall 156133 (2022) Kat:3, Licht: 0,156133,3,2,4,02,08,2,,0,1,1,0,0
"POINT (9.811242971000070 52.484945547999999)",Unfall 156139 (2022) Kat:3, Licht: 1,156139,3,3,5,02,17,4,,1,0,1,0,0
"POINT (9.757863486000080 52.363431268000099)",Unfall 156145 (2022) Kat:3, Licht: 0,156145,3,1,0,03,07,5,,0,1,0,0,0
"POINT (9.758508496000051 52.362602860000003)",Unfall 156148 (2022) Kat:3, Licht: 0,156148,3,7,0,03,17,4,,0,0,0,0,0
"POINT (9.734879803000069 52.380239465000002)",Unfall 156154 (2022) Kat:3, Licht: 2,156154,3,2,4,02,19,4,,2,0,1,0,0
"POINT (9.964865515000040 52.376958551000001)",Unfall 156159 (2022) Kat:3, Licht: 0,156159,3,3,5,03,15,4,,0,1,1,0,0
"POINT (9.723104351000069 52.369825308000003)",Unfall 156161 (2022) Kat:3, Licht: 1,156161,3,2,0,02,17,5,,1,1,0,0,0
"POINT (9.742013084000060 52.397654891000101)",Unfall 156164 (2022) Kat:3, Licht: 0,156164,3,3,5,03,12,5,,0,1,1,0,0
"POINT (9.754705925000049 52.432969069000102)",Unfall 156175 (2022) Kat:3, Licht: 0,156175,3,5,2,05,10,4,,0,0,1,0,0
"POINT (9.760235619000071 52.356361021000097)",Unfall 156177 (2022) Kat:3, Licht: 2,156177,3,3,5,03,21,3,,2,0,1,0,0
"POINT (9.979656363000061 52.376130900000099)",Unfall 156178 (2022) Kat:3, Licht: 0,156178,3,7,0,04,12,6,,0,1,0,0,0
"POINT (9.749747741000020 52.376504916000002)",Unfall 156181 (2022) Kat:3, Licht: 2,156181,3,6,2,04,21,3,,2,0,1,0,1
"POINT (9.746509609000039 52.375249042000100)",Unfall 156186 (2022) Kat:3, Licht: 0,156186,3,5,0,04,16,5,,0,0,1,0,0
"POINT (9.462398162000060 52.507686561000099)",Unfall 156207 (2022) Kat:3, Licht: 0,156207,3,3,0,04,18,4,,0,1,1,0,0
"POINT (9.693767840000019 52.392324541999997)",Unfall 156208 (2022) Kat:3, Licht: 0,156208,3,3,5,03,13,7,,0,1,0,0,0
"POINT (9.752242795000029 52.393458828000099)",Unfall 156209 (2022) Kat:3, Licht: 0,156209,3,2,5,04,13,4,,0,1,1,0,0
"POINT (9.808027869000060 52.379635125999997)",Unfall 156210 (2022) Kat:3, Licht: 0,156210,3,6,3,04,15,6,,0,0,1,0,0
"POINT (9.693105581000051 52.401123548000001)",Unfall 156212 (2022) Kat:3, Licht: 0,156212,3,1,0,05,09,1,,0,0,0,0,0
"POINT (9.502342114000040 52.434176642000097)",Unfall 156214 (2022) Kat:2, Licht: 0,156214,2,7,0,05,19,4,,0,1,0,0,0
"POINT (9.792979885000021 52.333628709000003)",Unfall 156218 (2022) Kat:3, Licht: 2,156218,3,3,5,03,18,5,,2,0,1,0,0
"POINT (9.738080336000049 52.381846963999998)",Unfall 156223 (2022) Kat:3, Licht: 0,156223,3,2,4,04,09,5,,0,1,1,0,0
"POINT (9.806709739000040 52.417741133000000)",Unfall 156224 (2022) Kat:3, Licht: 0,156224,3,5,0,03,18,2,,0,1,1,0,0
"POINT (9.852006414000069 52.560133862000001)",Unfall 156232 (2022) Kat:3, Licht: 0,156232,3,3,5,04,08,4,,0,0,1,0,0
"POINT (9.796321654000050 52.392432753000001)",Unfall 156239 (2022) Kat:3, Licht: 0,156239,3,6,3,05,18,3,,0,0,1,0,0
"POINT (9.723419176000050 52.385266499000103)",Unfall 156248 (2022) Kat:3, Licht: 0,156248,3,5,1,04,07,5,,0,0,1,0,0
"POINT (9.702908348000051 52.374965114000098)",Unfall 156253 (2022) Kat:3, Licht: 0,156253,3,3,5,04,20,7,,0,1,1,0,0
"POINT (9.854131640000050 52.391037703000102)",Unfall 156257 (2022) Kat:2, Licht: 0,156257,2,7,0,04,11,6,,0,1,0,0,0
"POINT (9.716953981000071 52.372797953000003)",Unfall 156262 (2022) Kat:3, Licht: 2,156262,3,1,0,04,03,7,,2,1,0,0,0
"POINT (9.689911190000030 52.392571078000103)",Unfall 156268 (2022) Kat:3, Licht: 0,156268,3,6,3,04,12,6,,0,0,1,0,0
"POINT (9.454654605000030 52.499443348000099)",Unfall 156270 (2022) Kat:3, Licht: 0,156270,3,7,0,04,19,4,,0,1,0,0,0
"POINT (9.747930083000030 52.374058173999998)",Unfall 156271 (2022) Kat:3, Licht: 0,156271,3,6,2,03,08,2,,0,0,1,0,0
"POINT (9.458376492000070 52.503195050000002)",Unfall 156272 (2022) Kat:3, Licht: 0,156272,3,2,4,04,14,5,,0,0,1,0,0
"POINT (9.663768446000059 52.382895879000003)",Unfall 156278 (2022) Kat:3, Licht: 0,156278,3,3,5,04,18,3,,0,1,1,0,0
"POINT (9.696896853000061 52.341511736000001)",Unfall 156285 (2022) Kat:3, Licht: 0,156285,3,6,2,05,16,2,,0,0,1,0,0
"POINT (9.712696689000040 52.360831883000102)",Unfall 156305 (2022) Kat:3, Licht: 0,156305,3,3,5,03,11,4,,0,1,1,0,0
"POINT (9.746485149000019 52.320334287999998)",Unfall 156308 (2022) Kat:3, Licht: 0,156308,3,7,6,03,16,7,,0,0,1,1,0
"POINT (9.835083279000060 52.334832026000100)",Unfall 156310 (2022) Kat:3, Licht: 0,156310,3,3,5,04,13,5,,0,0,1,0,0
"POINT (9.720977399000050 52.373295057000099)",Unfall 156311 (2022) Kat:3, Licht: 0,156311,3,1,0,04,17,7,,0,1,0,0,0
"POINT (9.720561485000079 52.391235046000098)",Unfall 156312 (2022) Kat:3, Licht: 0,156312,3,1,0,04,16,1,,0,1,0,0,0
"POINT (9.444544421000050 52.422570944000000)",Unfall 156314 (2022) Kat:3, Licht: 0,156314,3,7,0,05,15,3,,0,1,0,0,0
"POINT (9.812550408000050 52.364622738999998)",Unfall 156316 (2022) Kat:3, Licht: 0,156316,3,5,1,03,15,3,,0,1,1,0,0
"POINT (9.777474049000030 52.196037955000101)",Unfall 156323 (2022) Kat:3, Licht: 2,156323,3,5,1,04,11,1,,2,1,1,0,0
"POINT (9.743606010000059 52.357210352999999)",Unfall 156333 (2022) Kat:3, Licht: 0,156333,3,3,5,04,11,7,,0,1,0,0,0
"POINT (9.683050014000059 52.346754496000102)",Unfall 156339 (2022) Kat:2, Licht: 0,156339,2,3,5,03,14,6,,0,1,1,0,0
"POINT (9.717878100000060 52.363524171000101)",Unfall 156340 (2022) Kat:3, Licht: 0,156340,3,5,1,04,11,2,,0,1,1,0,0
"POINT (9.732500424000021 52.389964401999997)",Unfall 156352 (2022) Kat:3, Licht: 0,156352,3,1,1,04,19,5,,0,1,1,0,0
"POINT (9.756506746000071 52.364902592000099)",Unfall 156357 (2022) Kat:3, Licht: 0,156357,3,3,5,04,17,6,,0,1,1,0,0
"POINT (9.728324482000060 52.377869490000101)",Unfall 156366 (2022) Kat:3, Licht: 1,156366,3,7,0,04,19,5,,1,1,0,0,0
"POINT (9.451305840000030 52.422815979000099)",Unfall 156383 (2022) Kat:2, Licht: 0,156383,2,2,0,03,22,4,,0,0,1,1,0
"POINT (9.462051077000069 52.496970693000002)",Unfall 156386 (2022) Kat:3, Licht: 0,156386,3,1,0,04,19,4,,0,1,0,0,0
"POINT (9.414095088000071 52.430639738000103)",Unfall 156391 (2022) Kat:3, Licht: 0,156391,3,7,0,05,12,4,,0,1,0,0,0
"POINT (10.183450435000100 52.407532384000000)",Unfall 156392 (2022) Kat:3, Licht: 0,156392,3,7,0,04,13,7,,0,0,1,1,0
"POINT (9.778772560000050 52.399575433000102)",Unfall 156395 (2022) Kat:3, Licht: 0,156395,3,5,1,03,17,5,,0,1,1,0,0
"POINT (9.737660770000049 52.387778445999999)",Unfall 156396 (2022) Kat:3, Licht: 0,156396,3,3,5,03,06,6,,0,1,1,0,0
"POINT (9.711025592000061 52.372229711999999)",Unfall 156398 (2022) Kat:3, Licht: 0,156398,3,4,6,04,13,4,,0,1,0,1,0
"POINT (9.701921842000051 52.326574188999999)",Unfall 156401 (2022) Kat:3, Licht: 0,156401,3,6,4,04,11,2,,0,0,1,0,0
"POINT (9.615834027000060 52.418769785999999)",Unfall 156402 (2022) Kat:3, Licht: 2,156402,3,2,4,04,20,4,,2,0,1,0,0
"POINT (9.601127284000031 52.417127852000100)",Unfall 156405 (2022) Kat:3, Licht: 0,156405,3,3,5,04,17,2,,0,1,1,0,0
"POINT (9.994728100000030 52.453807097000002)",Unfall 156407 (2022) Kat:3, Licht: 0,156407,3,1,8,04,15,5,,0,1,0,0,0
"POINT (9.708380216000020 52.367061917999997)",Unfall 156409 (2022) Kat:3, Licht: 0,156409,3,3,5,03,13,5,,0,1,1,0,0
"POINT (9.763182601000040 52.403954964000000)",Unfall 156415 (2022) Kat:3, Licht: 0,156415,3,3,5,05,19,2,,0,1,0,0,0
"POINT (9.608976752000050 52.430601459999998)",Unfall 156422 (2022) Kat:3, Licht: 0,156422,3,7,0,04,19,4,,0,1,0,0,0
"POINT (9.557120507000040 52.207892498000000)",Unfall 156423 (2022) Kat:3, Licht: 0,156423,3,3,5,03,12,7,,0,1,1,0,0
"POINT (9.969404414000049 52.384410789000100)",Unfall 156424 (2022) Kat:3, Licht: 0,156424,3,3,5,04,07,4,,0,1,1,0,0
"POINT (9.693319608000021 52.394299852000103)",Unfall 156425 (2022) Kat:3, Licht: 2,156425,3,5,1,04,22,5,,2,0,1,0,0
"POINT (9.685368984000039 52.394728145000002)",Unfall 156433 (2022) Kat:3, Licht: 0,156433,3,3,5,04,14,2,,0,0,1,0,0
"POINT (9.729836284000040 52.398214954000103)",Unfall 156434 (2022) Kat:3, Licht: 0,156434,3,3,5,03,09,4,,0,1,1,0,0
"POINT (9.724041649000069 52.347102442999997)",Unfall 156437 (2022) Kat:2, Licht: 0,156437,2,2,6,03,12,7,,0,0,1,1,0
"POINT (9.694294216000060 52.365365381000103)",Unfall 156445 (2022) Kat:3, Licht: 0,156445,3,2,5,03,16,5,,0,1,1,0,0
"POINT (9.737225844000021 52.384523225000102)",Unfall 156448 (2022) Kat:3, Licht: 0,156448,3,3,5,04,09,7,,0,0,1,0,0
"POINT (9.798736567000050 52.385316785999997)",Unfall 156451 (2022) Kat:3, Licht: 0,156451,3,3,5,04,15,2,,0,1,1,0,0
"POINT (9.701066327000040 52.366326217000100)",Unfall 156455 (2022) Kat:3, Licht: 0,156455,3,2,4,04,16,1,,0,0,1,0,1
"POINT (9.753285883000050 52.380133891000099)",Unfall 156456 (2022) Kat:3, Licht: 0,156456,3,3,0,05,07,3,,0,1,1,0,0
"POINT (9.705781192000069 52.437649475000100)",Unfall 156459 (2022) Kat:3, Licht: 0,156459,3,5,1,04,17,6,,0,0,1,0,0
"POINT (9.736758688000069 52.376981249000004)",Unfall 156484 (2022) Kat:3, Licht: 0,156484,3,2,6,04,11,3,,0,0,1,1,0
"POINT (9.751365098000059 52.356251572000097)",Unfall 156489 (2022) Kat:2, Licht: 0,156489,2,4,6,03,17,2,,0,1,0,1,0
"POINT (9.434524761000031 52.420890317999998)",Unfall 156495 (2022) Kat:3, Licht: 0,156495,3,3,5,04,14,3,,0,1,0,0,0
"POINT (9.728993378000039 52.440900918000096)",Unfall 156500 (2022) Kat:3, Licht: 0,156500,3,4,6,03,15,2,,0,1,0,1,0
"POINT (9.388098780000060 52.410537114000100)",Unfall 156502 (2022) Kat:3, Licht: 0,156502,3,7,2,04,15,2,,0,1,0,0,0
"POINT (9.864357476000070 52.491540884000102)",Unfall 156507 (2022) Kat:3, Licht: 0,156507,3,5,1,04,14,1,,0,1,1,0,0
"POINT (10.011623999999999 52.447344209000100)",Unfall 156508 (2022) Kat:3, Licht: 0,156508,3,6,3,04,14,4,,0,1,0,0,0
"POINT (9.656596796000031 52.407471246999997)",Unfall 156513 (2022) Kat:3, Licht: 2,156513,3,2,5,04,20,3,,2,0,1,0,0
"POINT (9.839364067000080 52.426249572000103)",Unfall 156516 (2022) Kat:2, Licht: 0,156516,2,1,0,04,17,2,,0,1,0,0,0
"POINT (9.756576780000049 52.330968746000103)",Unfall 156519 (2022) Kat:3, Licht: 0,156519,3,3,5,04,11,4,,0,1,0,0,0
"POINT (9.764437404000031 52.395527241000103)",Unfall 156524 (2022) Kat:3, Licht: 2,156524,3,1,0,04,05,1,,2,0,0,0,0
"POINT (9.792534397000050 52.396692023000099)",Unfall 156526 (2022) Kat:3, Licht: 0,156526,3,3,5,05,17,3,,0,1,1,0,0
"POINT (9.853994240000080 52.362968115999998)",Unfall 156528 (2022) Kat:3, Licht: 1,156528,3,3,5,03,07,3,,1,1,0,0,0
"POINT (9.736750156000030 52.393172323000002)",Unfall 156530 (2022) Kat:3, Licht: 0,156530,3,3,5,04,13,1,,0,0,1,0,0
"POINT (9.708249061000060 52.215031109000101)",Unfall 156532 (2022) Kat:3, Licht: 0,156532,3,6,8,04,16,3,,0,1,1,0,0
"POINT (9.908590106000080 52.373193335000103)",Unfall 156533 (2022) Kat:3, Licht: 0,156533,3,7,0,04,17,4,,0,1,0,0,0
"POINT (9.734886641000060 52.442404934000102)",Unfall 156543 (2022) Kat:3, Licht: 0,156543,3,3,5,03,13,5,,0,0,1,0,1
"POINT (9.791587498000069 52.403229918000100)",Unfall 156546 (2022) Kat:3, Licht: 0,156546,3,2,5,04,14,4,,0,1,1,0,0
"POINT (9.716007327000060 52.378289705000000)",Unfall 156547 (2022) Kat:3, Licht: 2,156547,3,1,0,04,22,6,,2,1,0,0,0
"POINT (9.803300645000039 52.403573098000003)",Unfall 156551 (2022) Kat:3, Licht: 0,156551,3,7,0,05,16,4,,0,1,0,0,0
"POINT (9.692607459000040 52.396530124999998)",Unfall 156564 (2022) Kat:2, Licht: 0,156564,2,2,2,05,13,2,,0,1,0,0,0
"POINT (9.722414782000040 52.377153120999999)",Unfall 156567 (2022) Kat:2, Licht: 0,156567,2,2,5,05,17,4,,0,0,1,0,1
"POINT (9.814203902000029 52.331739441000103)",Unfall 156568 (2022) Kat:3, Licht: 0,156568,3,6,2,04,14,2,,0,0,1,0,0
"POINT (9.730136595000030 52.392043289000100)",Unfall 156573 (2022) Kat:3, Licht: 1,156573,3,3,5,04,19,4,,1,1,1,0,0
"POINT (9.704622960000050 52.374432847999998)",Unfall 156575 (2022) Kat:3, Licht: 0,156575,3,1,0,05,15,1,,0,1,0,0,0
"POINT (9.878965419000050 52.438667324000100)",Unfall 156584 (2022) Kat:3, Licht: 0,156584,3,3,5,04,17,3,,0,0,1,0,0
"POINT (9.738896784000080 52.363252778000103)",Unfall 156587 (2022) Kat:3, Licht: 0,156587,3,2,5,04,08,2,,0,1,1,0,0
"POINT (9.977491196000070 52.318193110999999)",Unfall 156588 (2022) Kat:3, Licht: 2,156588,3,1,9,04,20,5,,2,0,1,0,0
"POINT (9.800369220000050 52.335166882000102)",Unfall 156589 (2022) Kat:3, Licht: 1,156589,3,2,5,03,20,2,,1,1,1,0,0
"POINT (9.735828909000080 52.384214143000101)",Unfall 156599 (2022) Kat:2, Licht: 0,156599,2,7,8,03,15,1,,0,0,0,0,1
"POINT (9.585044461000050 52.278187767000098)",Unfall 156603 (2022) Kat:2, Licht: 0,156603,2,7,9,04,11,2,,0,0,0,0,0
"POINT (9.735542722000050 52.375169809000099)",Unfall 156607 (2022) Kat:3, Licht: 0,156607,3,3,5,04,08,6,,0,1,0,0,0
"POINT (9.669430997000060 52.351657553000102)",Unfall 156608 (2022) Kat:3, Licht: 0,156608,3,2,4,03,16,5,,0,1,1,0,0
"POINT (9.945665912000040 52.334672335000100)",Unfall 156621 (2022) Kat:3, Licht: 0,156621,3,7,6,04,10,4,,0,0,0,0,0
"POINT (9.772904049000029 52.335282789000097)",Unfall 156622 (2022) Kat:3, Licht: 0,156622,3,3,5,03,14,5,,0,0,1,0,1
"POINT (9.710540836000060 52.367319006000102)",Unfall 156625 (2022) Kat:3, Licht: 0,156625,3,1,0,04,18,5,,0,0,0,0,1
"POINT (9.654752239000061 52.317850156000098)",Unfall 156628 (2022) Kat:3, Licht: 0,156628,3,3,5,04,17,3,,0,0,1,0,0
"POINT (9.701732240000069 52.390572946000098)",Unfall 156629 (2022) Kat:3, Licht: 0,156629,3,7,0,04,17,5,,0,1,0,0,0
"POINT (9.770222718000070 52.533102079000102)",Unfall 156636 (2022) Kat:3, Licht: 0,156636,3,3,5,04,07,3,,0,0,1,0,0
"POINT (10.013360455000100 52.443761786000003)",Unfall 156647 (2022) Kat:2, Licht: 0,156647,2,3,5,04,15,2,,0,0,1,0,1
"POINT (9.738520798000019 52.402012038000102)",Unfall 156650 (2022) Kat:3, Licht: 0,156650,3,3,5,04,10,4,,0,0,1,0,0
"POINT (9.783559927000059 52.400848723000102)",Unfall 156657 (2022) Kat:3, Licht: 0,156657,3,7,0,03,18,3,,0,1,0,0,0
"POINT (9.763161724000041 52.268868666000103)",Unfall 156659 (2022) Kat:3, Licht: 0,156659,3,3,5,03,16,5,,0,1,0,0,0
"POINT (9.720443678000040 52.391399382000003)",Unfall 156663 (2022) Kat:3, Licht: 0,156663,3,3,5,04,12,3,,0,1,1,0,0
"POINT (9.732672355000030 52.379372325000098)",Unfall 156667 (2022) Kat:3, Licht: 0,156667,3,2,5,04,19,2,,0,1,1,0,0
"POINT (9.732383368000059 52.376732708000098)",Unfall 156671 (2022) Kat:3, Licht: 2,156671,3,1,0,04,01,6,,2,0,0,0,0
"POINT (9.863081430000021 52.361108033999997)",Unfall 156678 (2022) Kat:3, Licht: 0,156678,3,7,0,04,18,5,,0,1,0,0,0
"POINT (9.734122268000020 52.369530336000103)",Unfall 156682 (2022) Kat:3, Licht: 0,156682,3,6,3,04,18,7,,0,0,1,0,1
"POINT (9.763328145000060 52.401578852999997)",Unfall 156691 (2022) Kat:3, Licht: 0,156691,3,3,0,05,16,2,,0,0,1,1,0
"POINT (9.689538194000020 52.326647993999998)",Unfall 156701 (2022) Kat:3, Licht: 0,156701,3,3,5,04,17,6,,0,1,1,0,0
"POINT (9.809645549000040 52.404961034999999)",Unfall 156702 (2022) Kat:2, Licht: 2,156702,2,6,4,04,01,6,,2,0,1,0,0
"POINT (10.025812223999999 52.444724907000101)",Unfall 156703 (2022) Kat:3, Licht: 0,156703,3,3,5,04,16,7,,0,0,1,0,1
"POINT (9.821526554000060 52.339688735999999)",Unfall 156715 (2022) Kat:3, Licht: 2,156715,3,7,1,03,21,2,,2,0,1,0,0
"POINT (9.831555839000030 52.333162757000103)",Unfall 156720 (2022) Kat:3, Licht: 0,156720,3,3,5,04,18,4,,0,0,1,0,1
"POINT (9.739516608000031 52.380953499999997)",Unfall 156721 (2022) Kat:3, Licht: 0,156721,3,6,2,04,12,3,,0,0,1,0,0
"POINT (9.966458257000060 52.315446392000098)",Unfall 156723 (2022) Kat:3, Licht: 0,156723,3,7,0,04,17,7,,0,1,0,0,0
"POINT (9.961885257000059 52.389667692000003)",Unfall 156727 (2022) Kat:3, Licht: 0,156727,3,2,5,04,08,7,,0,0,1,0,0
"POINT (9.724402460000020 52.345909398000103)",Unfall 156728 (2022) Kat:3, Licht: 0,156728,3,7,4,05,20,2,,0,1,1,0,0
"POINT (9.642866935000029 52.415524767000100)",Unfall 156738 (2022) Kat:3, Licht: 2,156738,3,6,2,04,22,2,,2,0,1,0,0
"POINT (9.710238391000081 52.372553668000101)",Unfall 156740 (2022) Kat:3, Licht: 0,156740,3,3,5,05,10,3,,0,1,1,0,0
"POINT (9.493692840000049 52.282245469000003)",Unfall 156742 (2022) Kat:3, Licht: 0,156742,3,5,1,03,07,3,,0,1,1,0,0
"POINT (9.690237186000051 52.443390342999997)",Unfall 156747 (2022) Kat:3, Licht: 0,156747,3,3,5,04,15,3,,0,0,1,0,0
"POINT (9.769501356000029 52.410261755000100)",Unfall 156750 (2022) Kat:3, Licht: 2,156750,3,1,0,04,21,4,,2,0,1,0,0
"POINT (9.689839019000029 52.343685784999998)",Unfall 156756 (2022) Kat:3, Licht: 0,156756,3,7,7,05,10,3,,0,0,1,0,0
"POINT (9.692336973000071 52.398134470000102)",Unfall 156762 (2022) Kat:3, Licht: 0,156762,3,3,5,04,16,3,,0,1,1,0,0
"POINT (9.410942607000040 52.431854138000098)",Unfall 156763 (2022) Kat:3, Licht: 0,156763,3,7,8,04,15,4,,0,1,0,0,0
"POINT (9.604539709000051 52.409919354000102)",Unfall 156765 (2022) Kat:3, Licht: 0,156765,3,3,5,04,19,1,,0,0,1,0,0
"POINT (9.763424250000069 52.395526770000103)",Unfall 156767 (2022) Kat:3, Licht: 2,156767,3,2,5,03,23,2,,2,1,1,0,0
"POINT (9.808440278000029 52.389604479000099)",Unfall 156769 (2022) Kat:3, Licht: 0,156769,3,5,4,04,17,7,,0,0,1,0,1
"POINT (9.816368811000070 52.463323741000103)",Unfall 156773 (2022) Kat:3, Licht: 0,156773,3,6,6,04,15,3,,0,1,0,1,0
"POINT (9.698961481000030 52.335163124000097)",Unfall 156779 (2022) Kat:3, Licht: 0,156779,3,7,8,05,16,2,,0,0,1,0,0
"POINT (9.748454954000071 52.375907002000098)",Unfall 156782 (2022) Kat:3, Licht: 0,156782,3,3,5,05,09,4,,0,1,0,0,0