WKT,Name,OBJECTID,UKATEGORIE,UTYP1,UART,UMONAT,USTUNDE,UWOCHENTAG,STRZUSTAND,ULICHTVERH,ISTRAD,ISTPKW,ISTFUSS,ISTKRAD
"POINT (9.718247632000040 52.341871896999997)",Unfall 156784 (2022) Kat:3, Licht: 0,156784,3,7,0,03,17,4,,0,0,0,0,0
"POINT (9.799777967000070 52.335968234000099)",Unfall 156789 (2022) Kat:2, Licht: 2,156789,2,1,0,04,21,5,,2,1,0,0,0
"POINT (9.962175313000049 52.366751625000099)",Unfall 156800 (2022) Kat:3, Licht: 0,156800,3,3,5,04,15,3,,0,0,1,0,0
"POINT (9.669885229000039 52.370411308000001)",Unfall 156814 (2022) Kat:3, Licht: 0,156814,3,3,5,04,08,4,,0,1,1,0,0
"POINT (9.791100843000040 52.420806053000000)",Unfall 156815 (2022) Kat:3, Licht: 0,156815,3,4,6,03,08,6,,0,0,1,1,0
"POINT (9.958377940000050 52.318128710000103)",Unfall 156825 (2022) Kat:3, Licht: 0,156825,3,6,2,04,18,5,,0,0,1,0,0
"POINT (9.752353938000059 52.384632879999998)",Unfall 156832 (2022) Kat:3, Licht: 0,156832,3,1,0,04,14,6,,0,1,0,0,0
"POINT (9.737838131000050 52.382030547000099)",Unfall 156836 (2022) Kat:2, Licht: 0,156836,2,3,5,05,19,4,,0,1,1,0,0
"POINT (9.716814217000040 52.372888628000098)",Unfall 156841 (2022) Kat:3, Licht: 0,156841,3,6,4,03,14,6,,0,1,0,0,0
"POINT (9.698687708000019 52.448610246000001)",Unfall 156842 (2022) Kat:3, Licht: 0,156842,3,2,4,04,08,3,,0,0,1,0,0
"POINT (9.807538618000020 52.308641803999997)",Unfall 156863 (2022) Kat:2, Licht: 0,156863,2,7,6,04,10,2,,0,0,0,1,0
"POINT (9.687587777000029 52.353832283000003)",Unfall 156868 (2022) Kat:3, Licht: 0,156868,3,2,4,03,14,6,,0,1,1,0,0
"POINT (9.724214248000070 52.346451254000002)",Unfall 156870 (2022) Kat:3, Licht: 0,156870,3,3,5,04,19,5,,0,1,1,0,0
"POINT (9.715622640000049 52.372074230000102)",Unfall 156871 (2022) Kat:3, Licht: 0,156871,3,6,6,04,12,7,,0,1,0,1,0
"POINT (9.738128351000061 52.376865607000099)",Unfall 156873 (2022) Kat:3, Licht: 0,156873,3,1,0,05,10,4,,0,1,0,0,0
"POINT (9.743699746000059 52.357090551000098)",Unfall 156877 (2022) Kat:3, Licht: 0,156877,3,3,0,03,07,5,,0,1,0,0,0
"POINT (9.729929102000030 52.378435093000100)",Unfall 156882 (2022) Kat:3, Licht: 0,156882,3,3,5,04,14,5,,0,0,1,0,0
"POINT (9.850333653000060 52.362431631000000)",Unfall 156885 (2022) Kat:3, Licht: 0,156885,3,4,6,05,15,4,,0,1,0,1,0
"POINT (9.738628308000051 52.406801768000001)",Unfall 156886 (2022) Kat:3, Licht: 2,156886,3,3,5,04,21,7,,2,0,1,0,0
"POINT (9.655201585000039 52.355625098000097)",Unfall 156896 (2022) Kat:3, Licht: 0,156896,3,3,5,03,17,2,,0,0,1,0,0
"POINT (9.723260597000030 52.349783582000001)",Unfall 156899 (2022) Kat:3, Licht: 0,156899,3,2,5,05,15,3,,0,1,1,0,0
"POINT (9.763840536000030 52.399213955999997)",Unfall 156900 (2022) Kat:3, Licht: 0,156900,3,3,5,04,14,5,,0,1,1,0,0
"POINT (9.751305263000059 52.387065352000000)",Unfall 156907 (2022) Kat:3, Licht: 0,156907,3,3,5,05,14,2,,0,1,1,0,0
"POINT (9.800963080000029 52.403938318000002)",Unfall 156908 (2022) Kat:3, Licht: 0,156908,3,7,0,04,16,3,,0,1,0,0,0
"POINT (9.449810327000019 52.428424051000000)",Unfall 156910 (2022) Kat:3, Licht: 0,156910,3,5,1,03,14,6,,0,0,1,0,0
"POINT (9.750714543000070 52.388298552000002)",Unfall 156915 (2022) Kat:3, Licht: 0,156915,3,3,5,03,13,6,,0,1,1,0,0
"POINT (9.748479685000060 52.385576898000103)",Unfall 156916 (2022) Kat:3, Licht: 0,156916,3,7,0,04,15,4,,0,1,0,0,0
"POINT (9.463715227000019 52.302764025999998)",Unfall 156917 (2022) Kat:3, Licht: 0,156917,3,3,5,04,11,6,,0,1,1,0,0
"POINT (9.823897937000030 52.383464711000002)",Unfall 156923 (2022) Kat:3, Licht: 0,156923,3,3,5,04,18,7,,0,0,1,0,0
"POINT (9.739616210000070 52.373212164999998)",Unfall 156926 (2022) Kat:3, Licht: 0,156926,3,1,0,03,18,5,,0,0,0,0,0
"POINT (9.761527082000040 52.379793915999997)",Unfall 156945 (2022) Kat:3, Licht: 0,156945,3,3,5,05,19,2,,0,1,1,0,0
"POINT (9.689468202000061 52.349588693000001)",Unfall 156958 (2022) Kat:3, Licht: 0,156958,3,6,2,04,17,3,,0,0,1,0,0
"POINT (9.728611387000059 52.374237133000101)",Unfall 156963 (2022) Kat:3, Licht: 0,156963,3,2,0,04,17,7,,0,0,1,0,0
"POINT (9.724760086000060 52.363235338999999)",Unfall 156967 (2022) Kat:3, Licht: 0,156967,3,5,1,04,19,6,,0,1,1,0,0
"POINT (9.620102628000041 52.221040602000102)",Unfall 156975 (2022) Kat:3, Licht: 0,156975,3,7,0,04,15,6,,0,0,1,0,1
"POINT (9.724552622000029 52.381323128000098)",Unfall 156982 (2022) Kat:3, Licht: 0,156982,3,1,0,04,10,2,,0,1,0,0,0
"POINT (9.768353863000071 52.335947545000103)",Unfall 156990 (2022) Kat:3, Licht: 0,156990,3,3,5,03,13,5,,0,0,1,0,0
"POINT (9.756312727000021 52.342539623000100)",Unfall 156991 (2022) Kat:3, Licht: 0,156991,3,3,5,04,13,7,,0,1,1,0,0
"POINT (9.710243104000030 52.341948275999997)",Unfall 156993 (2022) Kat:3, Licht: 0,156993,3,4,6,04,07,4,,0,1,0,1,0
"POINT (9.813909516000020 52.365040539000098)",Unfall 157000 (2022) Kat:3, Licht: 0,157000,3,7,0,03,08,4,,0,1,0,0,0
"POINT (9.750614678000030 52.375530656000102)",Unfall 157011 (2022) Kat:3, Licht: 0,157011,3,6,2,04,16,5,,0,0,1,0,0
"POINT (9.461386575000059 52.506759262000102)",Unfall 157015 (2022) Kat:3, Licht: 0,157015,3,3,5,05,16,4,,0,1,1,0,0
"POINT (9.660894569000050 52.412748315000002)",Unfall 157016 (2022) Kat:3, Licht: 2,157016,3,5,1,04,23,2,,2,0,1,0,0
"POINT (9.752295676000070 52.374826525000103)",Unfall 157017 (2022) Kat:3, Licht: 0,157017,3,5,0,03,10,4,,0,1,1,0,0
"POINT (9.724392640000080 52.358418576000098)",Unfall 157023 (2022) Kat:3, Licht: 0,157023,3,6,2,05,16,1,,0,0,1,0,0
"POINT (9.692925193000059 52.342031159999998)",Unfall 157025 (2022) Kat:3, Licht: 0,157025,3,3,0,04,16,2,,0,0,0,0,0
"POINT (9.720868841000030 52.387571616000102)",Unfall 157033 (2022) Kat:3, Licht: 0,157033,3,3,5,04,19,3,,0,1,0,0,0
"POINT (9.786835647000030 52.310563105000000)",Unfall 157035 (2022) Kat:3, Licht: 0,157035,3,6,3,03,08,5,,0,1,0,0,0
"POINT (9.798953472000051 52.405902761999997)",Unfall 157038 (2022) Kat:2, Licht: 0,157038,2,7,0,03,12,2,,0,1,0,0,0
"POINT (9.581723867000051 52.422117098999998)",Unfall 157040 (2022) Kat:3, Licht: 1,157040,3,1,8,04,20,7,,1,0,0,0,1
"POINT (9.763756658000030 52.398671552000103)",Unfall 157049 (2022) Kat:2, Licht: 0,157049,2,6,4,04,18,4,,0,1,0,0,0
"POINT (9.735331840000070 52.366318777000103)",Unfall 157050 (2022) Kat:3, Licht: 0,157050,3,1,0,04,12,6,,0,1,0,0,0
"POINT (9.746766417000060 52.360661925000002)",Unfall 157053 (2022) Kat:3, Licht: 0,157053,3,7,2,04,10,1,,0,1,1,0,0
"POINT (9.857397897000061 52.497886864000101)",Unfall 157055 (2022) Kat:3, Licht: 2,157055,3,3,5,04,04,6,,2,0,1,0,0
"POINT (9.742888956000060 52.374030795000103)",Unfall 157058 (2022) Kat:3, Licht: 0,157058,3,7,2,03,16,5,,0,0,1,0,1
"POINT (9.710578440000059 52.367320995000100)",Unfall 157059 (2022) Kat:3, Licht: 0,157059,3,1,0,03,12,7,,0,1,0,0,0
"POINT (9.706374408000039 52.371027247000001)",Unfall 157063 (2022) Kat:2, Licht: 2,157063,2,1,0,04,22,7,,2,1,0,0,0
"POINT (9.731076192000049 52.378669299000101)",Unfall 157065 (2022) Kat:3, Licht: 0,157065,3,2,5,04,14,5,,0,1,1,0,0
"POINT (9.747105395000061 52.364536162000000)",Unfall 157085 (2022) Kat:3, Licht: 0,157085,3,7,0,04,08,3,,0,0,1,0,0
"POINT (9.781514615000050 52.400128789000100)",Unfall 157091 (2022) Kat:3, Licht: 2,157091,3,7,4,04,22,7,,2,0,1,0,0
"POINT (9.658720130000059 52.335430341000098)",Unfall 157097 (2022) Kat:3, Licht: 0,157097,3,7,9,03,13,4,,0,1,0,0,0
"POINT (9.694422060000020 52.419466448000001)",Unfall 157106 (2022) Kat:3, Licht: 2,157106,3,2,5,03,22,3,,2,0,1,0,0
"POINT (9.442589750000019 52.471732852999999)",Unfall 157108 (2022) Kat:3, Licht: 0,157108,3,3,5,03,16,5,,0,1,1,0,0
"POINT (9.754316723000040 52.368366168000101)",Unfall 157111 (2022) Kat:3, Licht: 0,157111,3,7,0,05,14,1,,0,1,1,0,0
"POINT (9.773108070000029 52.411387890000100)",Unfall 157112 (2022) Kat:3, Licht: 0,157112,3,3,5,04,11,7,,0,1,1,0,0
"POINT (9.706320118000059 52.346130865000099)",Unfall 157119 (2022) Kat:3, Licht: 0,157119,3,4,6,04,07,5,,0,1,0,1,0
"POINT (9.742558204000030 52.439224291000102)",Unfall 157121 (2022) Kat:2, Licht: 0,157121,2,4,6,04,14,6,,0,0,1,1,0
"POINT (10.025409457000000 52.445740753999999)",Unfall 157131 (2022) Kat:2, Licht: 2,157131,2,3,5,05,21,4,,2,1,1,0,0
"POINT (9.732636241000019 52.388604620000102)",Unfall 157134 (2022) Kat:3, Licht: 0,157134,3,7,1,04,14,7,,0,0,1,0,1
"POINT (9.733699685000030 52.376693756000101)",Unfall 157137 (2022) Kat:2, Licht: 1,157137,2,7,0,04,19,4,,1,1,0,0,0
"POINT (9.597400296000050 52.419439863000001)",Unfall 157141 (2022) Kat:3, Licht: 0,157141,3,2,2,04,13,3,,0,1,1,0,0
"POINT (9.934559318000030 52.319809219000000)",Unfall 157144 (2022) Kat:3, Licht: 0,157144,3,6,4,03,18,3,,0,1,0,0,0
"POINT (9.764228399000050 52.265782697000098)",Unfall 157146 (2022) Kat:3, Licht: 0,157146,3,5,1,04,19,1,,0,0,1,0,1
"POINT (9.778489149000050 52.505420848000000)",Unfall 157149 (2022) Kat:3, Licht: 0,157149,3,3,0,04,13,4,,0,1,1,0,0
"POINT (9.595484809000030 52.398547122000103)",Unfall 157150 (2022) Kat:3, Licht: 2,157150,3,5,1,03,03,7,,2,0,1,0,0
"POINT (9.734713376000061 52.380227828999999)",Unfall 157154 (2022) Kat:3, Licht: 2,157154,3,1,0,04,04,1,,2,1,0,0,0
"POINT (9.827718143000030 52.340814999000003)",Unfall 157171 (2022) Kat:3, Licht: 0,157171,3,4,6,03,12,5,,0,1,0,1,0
"POINT (9.737102097000051 52.375955459000103)",Unfall 157173 (2022) Kat:3, Licht: 0,157173,3,3,5,04,17,4,,0,0,1,0,0
"POINT (9.719790747000051 52.360114340000102)",Unfall 157178 (2022) Kat:3, Licht: 0,157178,3,5,3,03,17,5,,0,1,1,0,0
"POINT (9.729515266000019 52.559708770999997)",Unfall 157181 (2022) Kat:2, Licht: 0,157181,2,7,0,04,13,6,,0,1,0,0,0
"POINT (9.772863973000030 52.361326840000103)",Unfall 157185 (2022) Kat:3, Licht: 0,157185,3,1,0,04,10,7,,0,0,0,0,1
"POINT (9.739531778000069 52.376379065999998)",Unfall 157187 (2022) Kat:3, Licht: 0,157187,3,7,3,04,11,2,,0,0,1,0,0
"POINT (9.820744909000039 52.350804865999997)",Unfall 157190 (2022) Kat:3, Licht: 0,157190,3,3,5,03,12,3,,0,0,1,0,0
"POINT (9.750590411000079 52.376273503000000)",Unfall 157195 (2022) Kat:2, Licht: 0,157195,2,1,0,04,10,3,,0,0,0,0,0
"POINT (9.528503510000061 52.200164573000102)",Unfall 157197 (2022) Kat:3, Licht: 0,157197,3,1,4,04,07,6,,0,0,1,0,0
"POINT (9.827985859000020 52.384679394999999)",Unfall 157210 (2022) Kat:3, Licht: 0,157210,3,4,6,04,16,6,,0,0,1,1,0
"POINT (9.596430092000050 52.417689283000101)",Unfall 157219 (2022) Kat:3, Licht: 0,157219,3,7,0,04,14,3,,0,0,0,0,0
"POINT (9.753670205000050 52.381135950999997)",Unfall 157225 (2022) Kat:3, Licht: 0,157225,3,6,2,05,19,2,,0,0,1,0,0
"POINT (9.744899281000070 52.384847442000101)",Unfall 157227 (2022) Kat:3, Licht: 2,157227,3,7,0,03,20,6,,2,1,0,0,0
"POINT (9.737315990000070 52.371841297000103)",Unfall 157228 (2022) Kat:3, Licht: 0,157228,3,2,5,05,13,4,,0,1,1,0,0
"POINT (9.463981789000060 52.424657140000100)",Unfall 157235 (2022) Kat:3, Licht: 0,157235,3,7,0,04,15,4,,0,1,0,0,0
"POINT (9.744290421000070 52.373694794000102)",Unfall 157245 (2022) Kat:3, Licht: 0,157245,3,7,0,04,07,4,,0,1,0,0,0
"POINT (9.655259770000040 52.420076123999998)",Unfall 157249 (2022) Kat:2, Licht: 2,157249,2,2,4,04,05,5,,2,0,0,0,1
"POINT (9.741391874000040 52.378234612000000)",Unfall 157258 (2022) Kat:3, Licht: 0,157258,3,1,0,03,17,4,,0,0,0,0,0
"POINT (9.595850138000060 52.425625442000097)",Unfall 157268 (2022) Kat:3, Licht: 0,157268,3,2,2,04,11,6,,0,0,1,0,0
"POINT (9.720977399000050 52.373295057000099)",Unfall 157270 (2022) Kat:3, Licht: 0,157270,3,7,0,04,10,3,,0,1,0,0,0
"POINT (9.617147309000069 52.424092713000100)",Unfall 157278 (2022) Kat:3, Licht: 0,157278,3,2,5,05,15,5,,0,1,1,0,0
"POINT (9.612326338000059 52.405148425000000)",Unfall 157288 (2022) Kat:3, Licht: 0,157288,3,7,0,05,17,3,,0,1,0,0,0
"POINT (9.595094962000079 52.411223618000101)",Unfall 157290 (2022) Kat:3, Licht: 0,157290,3,1,0,05,16,4,,0,1,0,0,0
"POINT (9.821869259000040 52.357771782000000)",Unfall 157294 (2022) Kat:3, Licht: 0,157294,3,7,0,05,17,6,,0,1,0,0,0
"POINT (9.754308900000069 52.368614833000002)",Unfall 157295 (2022) Kat:3, Licht: 1,157295,3,3,0,05,21,7,,1,1,1,0,0
"POINT (9.737541807000071 52.443917537000097)",Unfall 157297 (2022) Kat:3, Licht: 0,157297,3,3,5,05,15,2,,0,0,1,0,0
"POINT (9.728291817000070 52.358995151999999)",Unfall 157300 (2022) Kat:3, Licht: 0,157300,3,3,5,05,20,6,,0,1,1,0,0
"POINT (9.570909205000021 52.213056833000103)",Unfall 157301 (2022) Kat:2, Licht: 0,157301,2,1,8,05,15,7,,0,1,0,0,0
"POINT (9.818113998000060 52.336073542000101)",Unfall 157302 (2022) Kat:2, Licht: 0,157302,2,7,0,05,16,3,,0,1,0,0,0
"POINT (9.860411079000070 52.373000094000098)",Unfall 157305 (2022) Kat:3, Licht: 0,157305,3,4,0,05,16,6,,0,0,1,1,0
"POINT (9.743570119000029 52.369477343000000)",Unfall 157312 (2022) Kat:3, Licht: 0,157312,3,4,6,05,14,2,,0,1,0,1,0
"POINT (9.722237371000061 52.421479660999999)",Unfall 157315 (2022) Kat:3, Licht: 0,157315,3,3,5,05,11,4,,0,1,0,0,0
"POINT (9.719830150000060 52.365543205000101)",Unfall 157316 (2022) Kat:3, Licht: 0,157316,3,7,0,05,17,5,,0,1,1,0,0
"POINT (9.751346052000031 52.439755392000102)",Unfall 157318 (2022) Kat:3, Licht: 0,157318,3,3,5,05,13,7,,0,0,1,0,0
"POINT (9.806697541000061 52.389158420999998)",Unfall 157319 (2022) Kat:3, Licht: 0,157319,3,3,5,05,15,2,,0,0,1,0,1
"POINT (9.718013301000040 52.373562888999999)",Unfall 157322 (2022) Kat:3, Licht: 2,157322,3,1,0,05,23,7,,2,1,0,0,0
"POINT (9.733567350000040 52.437842844000002)",Unfall 157324 (2022) Kat:3, Licht: 0,157324,3,1,0,05,12,3,,0,1,0,0,0
"POINT (9.781213383000020 52.403912296000001)",Unfall 157330 (2022) Kat:3, Licht: 0,157330,3,3,5,05,07,6,,0,1,1,0,0
"POINT (9.618301225000041 52.430624289999997)",Unfall 157335 (2022) Kat:3, Licht: 0,157335,3,3,5,06,18,6,,0,0,1,0,0
"POINT (9.734014445000071 52.367147879000100)",Unfall 157342 (2022) Kat:3, Licht: 0,157342,3,1,7,05,19,6,,0,1,0,0,0
"POINT (9.778739718000050 52.266218846000100)",Unfall 157344 (2022) Kat:3, Licht: 0,157344,3,1,0,05,07,2,,0,1,0,0,0
"POINT (9.737731997000029 52.355989173000097)",Unfall 157345 (2022) Kat:3, Licht: 0,157345,3,3,5,05,19,2,,0,1,1,0,0
"POINT (9.744343863000040 52.370727110000097)",Unfall 157349 (2022) Kat:2, Licht: 0,157349,2,3,5,05,10,7,,0,1,1,0,0
"POINT (9.652176993000070 52.415221471000102)",Unfall 157350 (2022) Kat:3, Licht: 0,157350,3,2,2,05,06,3,,0,0,1,0,0
"POINT (9.789457369000051 52.335077912000003)",Unfall 157353 (2022) Kat:3, Licht: 0,157353,3,3,5,05,16,5,,0,1,1,0,0
"POINT (9.482570401000030 52.464360802000002)",Unfall 157356 (2022) Kat:3, Licht: 0,157356,3,7,0,05,18,3,,0,1,0,0,0
"POINT (9.792594510000070 52.396424992999997)",Unfall 157363 (2022) Kat:3, Licht: 0,157363,3,6,2,05,08,5,,0,0,1,0,0
"POINT (9.534474108000040 52.404105399999999)",Unfall 157368 (2022) Kat:3, Licht: 2,157368,3,1,0,05,00,5,,2,1,0,0,0
"POINT (9.751891785000049 52.385944199999997)",Unfall 157371 (2022) Kat:3, Licht: 0,157371,3,5,0,05,14,3,,0,1,1,0,0
"POINT (9.731160194000040 52.398435585000101)",Unfall 157372 (2022) Kat:3, Licht: 0,157372,3,3,0,05,07,4,,0,0,0,0,1
"POINT (9.798313441000060 52.308328736000099)",Unfall 157384 (2022) Kat:3, Licht: 0,157384,3,7,0,05,12,5,,0,1,0,0,0
"POINT (9.707891324000061 52.373303163999999)",Unfall 157388 (2022) Kat:2, Licht: 1,157388,2,1,0,05,05,5,,1,1,0,0,0
"POINT (9.429509978000061 52.413225744000002)",Unfall 157389 (2022) Kat:2, Licht: 0,157389,2,3,0,05,13,5,,0,1,0,0,0
"POINT (9.748026802000030 52.354595163000099)",Unfall 157391 (2022) Kat:3, Licht: 0,157391,3,6,4,05,07,5,,0,1,0,0,0
"POINT (9.737131961000051 52.484419518000003)",Unfall 157402 (2022) Kat:3, Licht: 0,157402,3,6,6,05,16,3,,0,0,1,1,0
"POINT (9.700875940000060 52.409596110999999)",Unfall 157403 (2022) Kat:3, Licht: 0,157403,3,3,5,05,13,3,,0,1,1,0,0
"POINT (9.564904325000040 52.420656232000098)",Unfall 157405 (2022) Kat:3, Licht: 0,157405,3,3,5,05,18,5,,0,0,1,0,0
"POINT (9.437074872000039 52.424063041000103)",Unfall 157410 (2022) Kat:3, Licht: 0,157410,3,3,5,06,08,5,,0,1,0,0,0
"POINT (9.738060182000030 52.381862175999998)",Unfall 157414 (2022) Kat:3, Licht: 0,157414,3,2,3,05,09,4,,0,1,1,0,0
"POINT (9.755780891000031 52.390925183000000)",Unfall 157421 (2022) Kat:3, Licht: 0,157421,3,2,5,06,13,4,,0,1,1,0,0
"POINT (9.817489709000030 52.301179709000102)",Unfall 157425 (2022) Kat:3, Licht: 0,157425,3,3,5,05,19,2,,0,1,1,0,0
"POINT (9.626361052000050 52.394617934999999)",Unfall 157428 (2022) Kat:3, Licht: 0,157428,3,5,1,06,07,6,,0,1,1,0,0
"POINT (9.701346900000029 52.371901661999999)",Unfall 157430 (2022) Kat:3, Licht: 0,157430,3,3,5,05,11,1,,0,1,0,0,0
"POINT (9.774726644000051 52.197372421000097)",Unfall 157432 (2022) Kat:3, Licht: 0,157432,3,7,5,05,15,4,,0,1,1,0,0
"POINT (9.728562135000059 52.390087777000097)",Unfall 157434 (2022) Kat:3, Licht: 0,157434,3,7,0,05,11,6,,0,0,1,0,0
"POINT (9.744218844000050 52.374476091000098)",Unfall 157438 (2022) Kat:3, Licht: 0,157438,3,7,0,06,15,5,,0,1,0,0,0
"POINT (9.620224698000071 52.438998663000099)",Unfall 157440 (2022) Kat:3, Licht: 0,157440,3,3,5,05,15,2,,0,0,1,0,0
"POINT (9.728932656000040 52.383879874999998)",Unfall 157444 (2022) Kat:3, Licht: 0,157444,3,3,5,05,18,5,,0,1,1,0,0
"POINT (9.738614691000070 52.371626151000001)",Unfall 157450 (2022) Kat:3, Licht: 0,157450,3,5,1,05,20,6,,0,1,1,0,0
"POINT (10.205302490000101 52.464546256000098)",Unfall 157451 (2022) Kat:3, Licht: 2,157451,3,1,8,05,00,1,,2,1,0,0,0
"POINT (9.383884071000070 52.471118388000001)",Unfall 157461 (2022) Kat:3, Licht: 0,157461,3,2,5,05,14,2,,0,1,0,0,0
"POINT (9.725367859000070 52.562710865000000)",Unfall 157465 (2022) Kat:3, Licht: 0,157465,3,3,5,05,07,6,,0,1,1,0,0
"POINT (9.732715837000059 52.379250361000103)",Unfall 157467 (2022) Kat:3, Licht: 1,157467,3,4,6,05,21,4,,1,1,0,1,0
"POINT (9.684809881000040 52.393437351000003)",Unfall 157469 (2022) Kat:3, Licht: 0,157469,3,3,5,05,15,6,,0,0,1,0,0
"POINT (9.730558044000080 52.396116495000101)",Unfall 157474 (2022) Kat:2, Licht: 0,157474,2,3,5,05,11,6,,0,1,1,0,0
"POINT (9.890011542000019 52.441064487000098)",Unfall 157475 (2022) Kat:3, Licht: 0,157475,3,1,0,05,17,7,,0,0,0,0,1
"POINT (9.806364568000051 52.417224316000002)",Unfall 157478 (2022) Kat:2, Licht: 0,157478,2,3,5,05,20,2,,0,1,1,0,0
"POINT (9.813651973000050 52.410688154000098)",Unfall 157480 (2022) Kat:3, Licht: 0,157480,3,3,5,06,19,6,,0,1,1,0,0
"POINT (9.728772428000070 52.342296448000099)",Unfall 157481 (2022) Kat:3, Licht: 0,157481,3,7,8,05,11,6,,0,0,0,0,0
"POINT (9.429597000000060 52.420788665000003)",Unfall 157485 (2022) Kat:2, Licht: 0,157485,2,3,5,05,14,6,,0,0,1,0,0
"POINT (9.552229911000040 52.214781365000100)",Unfall 157489 (2022) Kat:2, Licht: 0,157489,2,3,5,05,16,3,,0,0,1,0,1
"POINT (9.744521323000070 52.385095208000102)",Unfall 157493 (2022) Kat:3, Licht: 0,157493,3,3,5,05,08,3,,0,1,1,0,0
"POINT (9.840248736000040 52.436739635000002)",Unfall 157494 (2022) Kat:3, Licht: 0,157494,3,6,2,05,12,4,,0,0,1,0,0
"POINT (9.674353991000030 52.411721977000099)",Unfall 157496 (2022) Kat:2, Licht: 0,157496,2,1,0,05,17,5,,0,1,0,0,0
"POINT (9.792898383000020 52.394722219000101)",Unfall 157508 (2022) Kat:3, Licht: 0,157508,3,6,2,05,11,4,,0,0,1,0,0
"POINT (9.835056362000049 52.433728971999997)",Unfall 157514 (2022) Kat:2, Licht: 0,157514,2,3,5,05,07,6,,0,0,1,0,1
"POINT (9.553384566000030 52.207081281999997)",Unfall 157516 (2022) Kat:3, Licht: 0,157516,3,3,5,05,12,2,,0,0,1,0,0
"POINT (9.779513452000060 52.191739638999998)",Unfall 157520 (2022) Kat:3, Licht: 0,157520,3,1,8,05,12,7,,0,1,0,0,0
"POINT (9.763852215000041 52.397997674000102)",Unfall 157524 (2022) Kat:3, Licht: 0,157524,3,3,5,05,13,5,,0,1,1,0,0
"POINT (9.663768498000019 52.380111810000102)",Unfall 157532 (2022) Kat:2, Licht: 0,157532,2,3,5,05,06,3,,0,0,1,0,1
"POINT (9.691846899000041 52.331362448000000)",Unfall 157533 (2022) Kat:3, Licht: 0,157533,3,3,5,05,18,4,,0,1,1,0,0
"POINT (9.747712699000029 52.526459263000000)",Unfall 157537 (2022) Kat:3, Licht: 0,157537,3,7,0,05,07,2,,0,1,0,0,0
"POINT (9.748693659000031 52.374604261000101)",Unfall 157544 (2022) Kat:3, Licht: 0,157544,3,2,5,05,12,2,,0,1,0,0,0
"POINT (9.845995360000069 52.390471085999998)",Unfall 157545 (2022) Kat:3, Licht: 0,157545,3,5,1,05,20,3,,0,1,1,0,0
"POINT (9.758768260000069 52.360812959999997)",Unfall 157546 (2022) Kat:3, Licht: 0,157546,3,3,5,05,08,4,,0,1,1,0,0
"POINT (9.689663879000021 52.345666356000002)",Unfall 157556 (2022) Kat:3, Licht: 0,157556,3,3,5,05,06,3,,0,1,1,0,0
"POINT (10.025656413000000 52.444956959000102)",Unfall 157562 (2022) Kat:3, Licht: 0,157562,3,6,2,05,07,4,,0,0,1,0,0
"POINT (9.692488777000049 52.398607156000097)",Unfall 157564 (2022) Kat:3, Licht: 0,157564,3,6,4,05,06,6,,0,1,0,0,0
"POINT (9.786507801000029 52.373069800000103)",Unfall 157565 (2022) Kat:3, Licht: 0,157565,3,4,6,05,07,2,,0,0,1,1,0
"POINT (9.441547047000030 52.426293968000003)",Unfall 157568 (2022) Kat:3, Licht: 0,157568,3,7,0,06,13,6,,0,1,0,0,0
"POINT (9.706603512000070 52.415591119000098)",Unfall 157572 (2022) Kat:3, Licht: 0,157572,3,3,5,05,16,5,,0,1,1,0,0
"POINT (9.482449208000050 52.304462332000099)",Unfall 157573 (2022) Kat:3, Licht: 2,157573,3,1,0,05,22,5,,2,1,1,0,0
"POINT (9.552633420000060 52.211886399999997)",Unfall 157574 (2022) Kat:3, Licht: 0,157574,3,1,0,05,14,6,,0,1,0,0,0
"POINT (9.693486445000079 52.392196538000100)",Unfall 157578 (2022) Kat:3, Licht: 0,157578,3,2,5,06,16,5,,0,1,0,0,0
"POINT (10.049149870000100 52.307266513000101)",Unfall 157579 (2022) Kat:3, Licht: 0,157579,3,3,5,05,05,6,,0,0,1,0,1
"POINT (9.710927211000071 52.341952212000102)",Unfall 157580 (2022) Kat:3, Licht: 0,157580,3,2,3,05,16,2,,0,1,1,0,0
"POINT (9.787431547000040 52.330439490000103)",Unfall 157584 (2022) Kat:3, Licht: 0,157584,3,6,6,05,07,5,,0,0,1,1,0
"POINT (9.756590798000049 52.420394305000102)",Unfall 157588 (2022) Kat:3, Licht: 0,157588,3,4,6,06,06,4,,0,0,1,1,0