WKT,Name,OBJECTID,UKATEGORIE,UTYP1,UART,UMONAT,USTUNDE,UWOCHENTAG,STRZUSTAND,ULICHTVERH,ISTRAD,ISTPKW,ISTFUSS,ISTKRAD
"POINT (9.741830036000071 52.296159054999997)",Unfall 158470 (2022) Kat:3, Licht: 0,158470,3,7,6,06,12,4,,0,0,1,1,0
"POINT (9.906010740000060 52.363948687000097)",Unfall 158489 (2022) Kat:3, Licht: 2,158489,3,1,9,06,03,5,,2,0,1,0,0
"POINT (9.758628322000050 52.362450438000103)",Unfall 158492 (2022) Kat:3, Licht: 0,158492,3,6,4,06,16,6,,0,1,0,0,0
"POINT (9.973398203000039 52.376224989000001)",Unfall 158498 (2022) Kat:3, Licht: 0,158498,3,4,6,06,14,2,,0,1,0,1,0
"POINT (9.739051080000021 52.379665596999999)",Unfall 158505 (2022) Kat:3, Licht: 0,158505,3,3,5,06,18,6,,0,0,1,0,1
"POINT (9.597615259000071 52.418250995000101)",Unfall 158510 (2022) Kat:3, Licht: 0,158510,3,6,3,06,18,2,,0,1,0,0,0
"POINT (9.713310355000029 52.335088739000099)",Unfall 158512 (2022) Kat:3, Licht: 0,158512,3,1,0,06,12,5,,0,1,0,0,0
"POINT (9.717272270000020 52.346515730000100)",Unfall 158513 (2022) Kat:3, Licht: 0,158513,3,2,5,06,10,4,,0,1,1,0,0
"POINT (9.732715837000059 52.379250361000103)",Unfall 158533 (2022) Kat:3, Licht: 0,158533,3,2,2,06,14,7,,0,1,1,0,0
"POINT (9.661536462000070 52.377695887000101)",Unfall 158534 (2022) Kat:3, Licht: 0,158534,3,6,6,06,14,3,,0,0,1,1,0
"POINT (9.733737490000070 52.362094243999998)",Unfall 158537 (2022) Kat:3, Licht: 0,158537,3,3,5,06,16,5,,0,1,1,0,0
"POINT (10.012458441000000 52.443664301000098)",Unfall 158540 (2022) Kat:2, Licht: 0,158540,2,7,8,06,10,3,,0,0,1,0,0
"POINT (9.802173708000050 52.411503287000102)",Unfall 158541 (2022) Kat:3, Licht: 0,158541,3,7,6,06,18,6,,0,0,0,1,0
"POINT (9.639950445000069 52.298299240000098)",Unfall 158544 (2022) Kat:3, Licht: 0,158544,3,1,0,06,07,6,,0,1,0,0,0
"POINT (9.781408862000029 52.407648319000003)",Unfall 158545 (2022) Kat:3, Licht: 0,158545,3,3,5,06,18,2,,0,0,1,0,0
"POINT (9.750483723000061 52.415935619999999)",Unfall 158549 (2022) Kat:3, Licht: 0,158549,3,6,3,06,15,2,,0,1,0,0,0
"POINT (9.821083605000069 52.374284691000099)",Unfall 158556 (2022) Kat:3, Licht: 0,158556,3,7,8,06,16,7,,0,1,1,0,0
"POINT (9.854631610000069 52.491894819999999)",Unfall 158562 (2022) Kat:2, Licht: 0,158562,2,1,1,06,15,3,,0,1,1,0,0
"POINT (9.714500375000060 52.343708122000102)",Unfall 158571 (2022) Kat:2, Licht: 0,158571,2,3,5,07,19,6,,0,1,1,0,0
"POINT (9.740779604000069 52.463497768000103)",Unfall 158573 (2022) Kat:3, Licht: 0,158573,3,7,0,06,09,3,,0,1,0,0,0
"POINT (9.678099731000030 52.416160185000102)",Unfall 158586 (2022) Kat:3, Licht: 0,158586,3,6,2,06,14,3,,0,0,1,0,0
"POINT (9.778097566000040 52.414196435000100)",Unfall 158606 (2022) Kat:3, Licht: 0,158606,3,6,1,06,17,4,,0,0,1,0,0
"POINT (9.737138846000050 52.443266962999999)",Unfall 158610 (2022) Kat:3, Licht: 0,158610,3,7,0,06,13,7,,0,1,0,0,0
"POINT (9.756578043000051 52.339405858000099)",Unfall 158612 (2022) Kat:3, Licht: 0,158612,3,6,4,06,17,7,,0,1,0,0,0
"POINT (9.723700569000069 52.348094142999997)",Unfall 158622 (2022) Kat:3, Licht: 0,158622,3,4,0,06,08,4,,0,0,0,1,0
"POINT (9.670539111000039 52.399425016000102)",Unfall 158628 (2022) Kat:3, Licht: 0,158628,3,3,5,06,20,2,,0,1,1,0,0
"POINT (9.740948729000021 52.388088306999997)",Unfall 158633 (2022) Kat:3, Licht: 0,158633,3,5,1,06,15,4,,0,0,1,0,0
"POINT (9.731233062000060 52.394957603000101)",Unfall 158641 (2022) Kat:3, Licht: 0,158641,3,5,1,06,18,1,,0,0,1,0,0
"POINT (9.712268470000030 52.370867904000100)",Unfall 158643 (2022) Kat:3, Licht: 0,158643,3,6,3,06,19,5,,0,0,1,0,1
"POINT (9.725889071000040 52.383994131000101)",Unfall 158649 (2022) Kat:3, Licht: 0,158649,3,6,9,06,18,2,,0,1,1,0,0
"POINT (9.914673097000049 52.377183555000002)",Unfall 158650 (2022) Kat:3, Licht: 0,158650,3,7,0,06,18,7,,0,0,0,0,0
"POINT (9.731953403000031 52.375803183000102)",Unfall 158652 (2022) Kat:3, Licht: 0,158652,3,6,0,06,18,4,,0,0,1,0,0
"POINT (9.723201170000040 52.371094036999999)",Unfall 158655 (2022) Kat:3, Licht: 0,158655,3,3,5,06,10,4,,0,0,1,0,0
"POINT (9.799630256000061 52.542993760999998)",Unfall 158657 (2022) Kat:3, Licht: 0,158657,3,6,2,06,13,4,,0,0,0,0,0
"POINT (9.856347897000029 52.372536163000099)",Unfall 158664 (2022) Kat:2, Licht: 0,158664,2,1,0,07,10,6,,0,1,0,0,0
"POINT (9.712327780000070 52.371774950000002)",Unfall 158666 (2022) Kat:3, Licht: 0,158666,3,4,6,06,11,3,,0,1,0,1,0
"POINT (9.781166228000069 52.198977295000098)",Unfall 158671 (2022) Kat:3, Licht: 0,158671,3,5,1,06,20,4,,0,0,1,0,0
"POINT (9.947178893000061 52.378839776000099)",Unfall 158693 (2022) Kat:3, Licht: 0,158693,3,6,4,06,07,6,,0,1,0,0,0
"POINT (9.735032891000060 52.380011748000101)",Unfall 158697 (2022) Kat:3, Licht: 0,158697,3,6,2,06,09,2,,0,0,1,0,0
"POINT (9.726425101000070 52.370017307000097)",Unfall 158702 (2022) Kat:1, Licht: 0,158702,1,5,1,06,18,5,,0,1,1,0,0
"POINT (9.738635954000070 52.609892412000100)",Unfall 158706 (2022) Kat:3, Licht: 0,158706,3,6,2,06,12,1,,0,0,1,0,0
"POINT (9.718317873000050 52.381094246000004)",Unfall 158709 (2022) Kat:3, Licht: 0,158709,3,4,6,06,13,6,,0,0,1,1,0
"POINT (9.733901761000030 52.444922367000103)",Unfall 158712 (2022) Kat:3, Licht: 0,158712,3,1,1,06,10,3,,0,1,1,0,0
"POINT (9.733595161000039 52.301732323000103)",Unfall 158720 (2022) Kat:3, Licht: 0,158720,3,2,5,06,18,4,,0,0,1,0,0
"POINT (9.802256666000060 52.416099981999999)",Unfall 158723 (2022) Kat:3, Licht: 2,158723,3,6,0,06,22,7,,2,1,0,1,0
"POINT (9.716356105000051 52.377587910999999)",Unfall 158725 (2022) Kat:3, Licht: 0,158725,3,2,5,06,20,5,,0,1,0,0,0
"POINT (9.591123330000070 52.396995608000097)",Unfall 158726 (2022) Kat:3, Licht: 0,158726,3,4,6,06,11,6,,0,1,0,1,0
"POINT (9.759491790000030 52.335332174000001)",Unfall 158731 (2022) Kat:3, Licht: 1,158731,3,7,8,06,22,7,,1,1,0,0,0
"POINT (9.673290358000029 52.355079169000099)",Unfall 158734 (2022) Kat:3, Licht: 0,158734,3,5,1,06,18,3,,0,0,1,0,0
"POINT (9.462036128000021 52.497036112000004)",Unfall 158736 (2022) Kat:3, Licht: 0,158736,3,3,5,06,16,3,,0,1,1,0,0
"POINT (9.723787697000031 52.308511300000099)",Unfall 158737 (2022) Kat:3, Licht: 0,158737,3,3,5,07,09,6,,0,1,1,0,0
"POINT (9.715367118000071 52.392751964000098)",Unfall 158745 (2022) Kat:3, Licht: 0,158745,3,6,3,06,11,1,,0,0,1,0,0
"POINT (9.718799172000050 52.373752475000103)",Unfall 158754 (2022) Kat:3, Licht: 0,158754,3,7,0,06,18,7,,0,1,0,0,0
"POINT (9.725445468000030 52.322520975000003)",Unfall 158761 (2022) Kat:3, Licht: 0,158761,3,3,5,06,12,5,,0,0,1,0,0
"POINT (9.728672825000050 52.553771219000097)",Unfall 158762 (2022) Kat:3, Licht: 0,158762,3,7,0,06,14,5,,0,1,0,0,0
"POINT (9.724792303000070 52.345040116000099)",Unfall 158765 (2022) Kat:3, Licht: 0,158765,3,2,5,06,17,5,,0,0,1,0,0
"POINT (9.404083007000050 52.427701820999999)",Unfall 158770 (2022) Kat:2, Licht: 0,158770,2,1,8,06,19,5,,0,0,0,0,1
"POINT (9.664707670000039 52.411981276000098)",Unfall 158771 (2022) Kat:2, Licht: 0,158771,2,1,0,06,18,4,,0,0,0,0,1
"POINT (9.671187713000050 52.402654931000001)",Unfall 158782 (2022) Kat:3, Licht: 0,158782,3,3,5,06,05,3,,0,1,1,0,0
"POINT (9.762787873000040 52.413705419000102)",Unfall 158800 (2022) Kat:3, Licht: 0,158800,3,2,5,06,17,7,,0,0,1,0,1
"POINT (9.737957240000069 52.381939871999997)",Unfall 158807 (2022) Kat:3, Licht: 0,158807,3,3,5,06,08,4,,0,0,1,0,0
"POINT (9.659793529000069 52.317060012000098)",Unfall 158809 (2022) Kat:3, Licht: 0,158809,3,5,3,06,10,6,,0,0,1,0,0
"POINT (9.968184894000050 52.383595023000098)",Unfall 158815 (2022) Kat:3, Licht: 0,158815,3,3,5,06,20,2,,0,1,1,0,0
"POINT (9.737412518000040 52.590458071000100)",Unfall 158822 (2022) Kat:3, Licht: 0,158822,3,3,5,06,14,1,,0,0,1,0,1
"POINT (9.656017597000069 52.408691518000097)",Unfall 158827 (2022) Kat:3, Licht: 0,158827,3,2,5,06,07,4,,0,1,1,0,0
"POINT (9.787235420000060 52.349845975000100)",Unfall 158832 (2022) Kat:3, Licht: 0,158832,3,3,5,06,14,6,,0,1,1,0,0
"POINT (9.690184145000050 52.394689153000101)",Unfall 158836 (2022) Kat:3, Licht: 0,158836,3,3,5,06,08,4,,0,1,1,0,0
"POINT (9.666705952000029 52.447199599000001)",Unfall 158847 (2022) Kat:3, Licht: 0,158847,3,7,6,06,16,2,,0,0,0,1,0
"POINT (9.779262923000029 52.412998705000099)",Unfall 158848 (2022) Kat:3, Licht: 0,158848,3,2,5,06,18,7,,0,1,1,0,0
"POINT (9.762832955000020 52.356754345000098)",Unfall 158851 (2022) Kat:3, Licht: 0,158851,3,2,5,06,09,5,,0,1,1,0,0
"POINT (9.730541516000070 52.396164323999997)",Unfall 158854 (2022) Kat:2, Licht: 0,158854,2,3,5,06,11,6,,0,0,1,0,0
"POINT (9.978635345000040 52.380337960000098)",Unfall 158856 (2022) Kat:2, Licht: 0,158856,2,3,5,06,12,3,,0,0,1,0,0
"POINT (9.760551961000029 52.369476867000103)",Unfall 158863 (2022) Kat:3, Licht: 2,158863,3,1,0,06,00,4,,2,1,0,0,0
"POINT (9.731059323000069 52.378663501000098)",Unfall 158866 (2022) Kat:3, Licht: 0,158866,3,2,5,06,19,4,,0,1,1,0,0
"POINT (9.746306555000050 52.381123748000000)",Unfall 158868 (2022) Kat:3, Licht: 0,158868,3,5,1,06,20,1,,0,1,1,0,0
"POINT (9.720482919000061 52.373418223999998)",Unfall 158870 (2022) Kat:3, Licht: 0,158870,3,6,6,06,17,1,,0,0,0,1,1
"POINT (9.756354750000069 52.390636453000099)",Unfall 158872 (2022) Kat:3, Licht: 0,158872,3,6,2,06,12,7,,0,1,1,0,0
"POINT (9.736446242000060 52.387012378000101)",Unfall 158877 (2022) Kat:3, Licht: 0,158877,3,5,1,06,08,4,,0,1,0,0,0
"POINT (9.295760822000030 52.484305734000003)",Unfall 158879 (2022) Kat:3, Licht: 0,158879,3,7,0,06,08,7,,0,1,0,0,0
"POINT (9.781018472000030 52.398303935000101)",Unfall 158880 (2022) Kat:3, Licht: 0,158880,3,3,5,06,14,4,,0,1,0,0,0
"POINT (9.702303251000050 52.391259355000003)",Unfall 158887 (2022) Kat:3, Licht: 0,158887,3,6,2,06,12,1,,0,0,1,0,0
"POINT (9.814015050000020 52.331899186000001)",Unfall 158896 (2022) Kat:3, Licht: 0,158896,3,6,2,06,08,2,,0,1,1,0,0
"POINT (9.655232912000031 52.316556796000000)",Unfall 158900 (2022) Kat:3, Licht: 0,158900,3,3,0,06,16,5,,0,1,1,0,0
"POINT (9.596835091000059 52.416392639000001)",Unfall 158910 (2022) Kat:3, Licht: 0,158910,3,2,5,06,12,2,,0,1,1,0,0
"POINT (9.610184834000050 52.416131706000002)",Unfall 158914 (2022) Kat:3, Licht: 0,158914,3,3,5,06,10,5,,0,0,1,0,0
"POINT (9.715845781000040 52.458535255000101)",Unfall 158915 (2022) Kat:3, Licht: 0,158915,3,3,5,06,08,6,,0,1,1,0,0
"POINT (9.821321042000021 52.283277510000097)",Unfall 158919 (2022) Kat:3, Licht: 0,158919,3,7,0,06,18,7,,0,1,0,0,0
"POINT (9.737789081000070 52.374769070000099)",Unfall 158920 (2022) Kat:3, Licht: 0,158920,3,4,6,06,17,2,,0,0,0,1,0
"POINT (9.561615378000059 52.215098673000099)",Unfall 158941 (2022) Kat:3, Licht: 1,158941,3,5,1,06,21,4,,1,0,1,0,0
"POINT (9.818135478000039 52.350514107999999)",Unfall 158943 (2022) Kat:3, Licht: 0,158943,3,7,0,06,11,7,,0,1,0,0,0
"POINT (9.658536269000020 52.406191728000103)",Unfall 158944 (2022) Kat:3, Licht: 0,158944,3,2,5,06,12,3,,0,1,1,0,0
"POINT (9.985538579000041 52.322589217000001)",Unfall 158946 (2022) Kat:3, Licht: 0,158946,3,3,5,06,16,4,,0,0,1,0,0
"POINT (9.431077809000040 52.422573983000099)",Unfall 158949 (2022) Kat:3, Licht: 0,158949,3,6,4,07,15,6,,0,0,1,0,0
"POINT (9.359165717000050 52.456450608000097)",Unfall 158950 (2022) Kat:3, Licht: 0,158950,3,7,0,06,20,3,,0,1,0,0,0
"POINT (9.718985016000030 52.374221184000099)",Unfall 158956 (2022) Kat:3, Licht: 0,158956,3,1,0,06,21,2,,0,0,0,0,0
"POINT (9.734927223000060 52.380191786000097)",Unfall 158962 (2022) Kat:3, Licht: 0,158962,3,3,0,06,11,5,,0,1,0,0,0
"POINT (9.754450635000071 52.389481993000103)",Unfall 158965 (2022) Kat:3, Licht: 0,158965,3,2,0,06,17,5,,0,1,0,0,0
"POINT (9.385312278000070 52.469510206999999)",Unfall 158966 (2022) Kat:3, Licht: 0,158966,3,7,0,06,17,4,,0,1,0,0,0
"POINT (9.457986515000069 52.504835880000002)",Unfall 158968 (2022) Kat:3, Licht: 0,158968,3,7,0,06,13,1,,0,1,0,0,0
"POINT (9.471277355000041 52.296002205000001)",Unfall 158974 (2022) Kat:3, Licht: 0,158974,3,7,7,06,17,3,,0,1,0,0,0
"POINT (9.701440561000030 52.396686731000003)",Unfall 158975 (2022) Kat:2, Licht: 0,158975,2,6,4,06,10,4,,0,1,0,0,0
"POINT (9.715985274000049 52.362325990999999)",Unfall 158976 (2022) Kat:3, Licht: 0,158976,3,2,5,06,09,7,,0,0,1,0,1
"POINT (9.547336063000049 52.206985578999998)",Unfall 158978 (2022) Kat:3, Licht: 0,158978,3,3,5,06,14,7,,0,1,1,0,0
"POINT (9.781262861000069 52.404834229000102)",Unfall 158982 (2022) Kat:3, Licht: 0,158982,3,3,5,07,13,6,,0,1,1,0,0
"POINT (9.371809925000040 52.453925845000100)",Unfall 158986 (2022) Kat:3, Licht: 0,158986,3,4,6,06,08,4,,0,0,1,1,0
"POINT (9.749736116000070 52.388723552999998)",Unfall 159013 (2022) Kat:3, Licht: 0,159013,3,6,6,06,13,7,,0,0,0,1,0
"POINT (9.703969395000060 52.366933013000100)",Unfall 159021 (2022) Kat:3, Licht: 1,159021,3,3,5,06,21,7,,1,0,1,0,0
"POINT (9.752444979000069 52.340440204000103)",Unfall 159025 (2022) Kat:3, Licht: 0,159025,3,6,0,06,18,3,,0,0,0,0,0
"POINT (9.753536410000040 52.265088259999999)",Unfall 159028 (2022) Kat:3, Licht: 0,159028,3,3,5,06,18,3,,0,0,1,0,0
"POINT (9.709195164000050 52.413381164000000)",Unfall 159030 (2022) Kat:3, Licht: 0,159030,3,3,5,06,06,3,,0,0,1,0,1
"POINT (9.988488878000060 52.378592136000101)",Unfall 159033 (2022) Kat:3, Licht: 0,159033,3,6,0,06,17,7,,0,1,1,0,0
"POINT (9.791661405000070 52.402819808000103)",Unfall 159048 (2022) Kat:3, Licht: 0,159048,3,2,3,06,10,7,,0,1,0,0,0
"POINT (9.803584658000030 52.306551638000002)",Unfall 159053 (2022) Kat:3, Licht: 0,159053,3,3,5,06,14,5,,0,1,1,0,0
"POINT (9.728525489000051 52.394595375999998)",Unfall 159057 (2022) Kat:3, Licht: 0,159057,3,3,5,06,07,6,,0,0,1,0,0
"POINT (9.719676495000041 52.366555688000098)",Unfall 159058 (2022) Kat:3, Licht: 0,159058,3,7,0,06,14,7,,0,0,0,0,0
"POINT (9.462044562000070 52.500171803000100)",Unfall 159059 (2022) Kat:2, Licht: 0,159059,2,7,0,06,17,4,,0,1,0,0,0
"POINT (9.717931447000071 52.392007472000003)",Unfall 159062 (2022) Kat:3, Licht: 0,159062,3,2,5,06,16,7,,0,1,1,0,0
"POINT (9.739417051000030 52.376849927000102)",Unfall 159064 (2022) Kat:3, Licht: 0,159064,3,6,0,06,16,4,,0,1,0,0,0
"POINT (9.590825098000041 52.398447419000000)",Unfall 159065 (2022) Kat:3, Licht: 0,159065,3,5,1,06,13,5,,0,0,1,0,0
"POINT (9.738734531000031 52.437793266000000)",Unfall 159067 (2022) Kat:3, Licht: 0,159067,3,6,3,06,10,4,,0,1,0,0,0
"POINT (9.703861927000050 52.215429205000099)",Unfall 159068 (2022) Kat:3, Licht: 0,159068,3,1,8,06,15,7,,0,1,0,0,0
"POINT (9.620197672000071 52.434702309999999)",Unfall 159069 (2022) Kat:3, Licht: 0,159069,3,7,8,06,14,6,,0,0,1,0,0
"POINT (9.689350465000080 52.348839947000002)",Unfall 159074 (2022) Kat:3, Licht: 0,159074,3,6,2,06,14,2,,0,0,1,0,0
"POINT (9.783351982000060 52.323216413000097)",Unfall 159079 (2022) Kat:3, Licht: 0,159079,3,3,5,06,18,4,,0,0,1,0,0
"POINT (9.830701338000040 52.359464465000002)",Unfall 159081 (2022) Kat:3, Licht: 0,159081,3,3,5,06,10,6,,0,1,0,0,0
"POINT (9.546521861000031 52.213591284000103)",Unfall 159082 (2022) Kat:3, Licht: 0,159082,3,3,5,06,08,4,,0,1,1,0,0
"POINT (9.765580507000040 52.383175747000102)",Unfall 159084 (2022) Kat:3, Licht: 0,159084,3,5,1,06,09,1,,0,0,1,0,0
"POINT (9.740013656000031 52.447679684000001)",Unfall 159087 (2022) Kat:3, Licht: 0,159087,3,7,0,06,17,2,,0,1,0,0,0
"POINT (9.667470327000050 52.386301236000101)",Unfall 159099 (2022) Kat:3, Licht: 0,159099,3,3,5,06,11,4,,0,0,1,0,0
"POINT (9.804068388000079 52.474111127000100)",Unfall 159100 (2022) Kat:3, Licht: 0,159100,3,7,7,06,12,5,,0,1,0,0,0
"POINT (9.807756954000070 52.387208346000101)",Unfall 159101 (2022) Kat:3, Licht: 1,159101,3,7,7,07,22,6,,1,1,0,0,0
"POINT (9.706275176000080 52.374740138000000)",Unfall 159109 (2022) Kat:3, Licht: 0,159109,3,3,0,06,08,2,,0,1,0,0,0
"POINT (9.743960522000069 52.371128179999999)",Unfall 159116 (2022) Kat:3, Licht: 0,159116,3,2,2,06,14,6,,0,0,1,0,0
"POINT (9.609065505000050 52.406914280000102)",Unfall 159118 (2022) Kat:3, Licht: 0,159118,3,5,1,06,15,5,,0,1,1,0,0
"POINT (9.698440999000070 52.368533804999998)",Unfall 159119 (2022) Kat:3, Licht: 2,159119,3,7,0,06,01,1,,2,1,0,0,0
"POINT (9.690296548000051 52.350758504000098)",Unfall 159120 (2022) Kat:2, Licht: 0,159120,2,1,0,06,20,1,,0,1,0,0,0
"POINT (9.804191635000050 52.391252914000098)",Unfall 159122 (2022) Kat:3, Licht: 0,159122,3,4,6,06,13,3,,0,0,0,1,0
"POINT (9.771334039000070 52.338723780000102)",Unfall 159124 (2022) Kat:3, Licht: 0,159124,3,3,5,06,10,6,,0,1,1,0,0
"POINT (9.742760885000051 52.369721009000003)",Unfall 159129 (2022) Kat:2, Licht: 2,159129,2,1,0,06,23,4,,2,0,0,0,0
"POINT (9.458755382000049 52.303125636000097)",Unfall 159132 (2022) Kat:3, Licht: 0,159132,3,3,0,06,07,4,,0,1,1,0,0
"POINT (9.669467830000031 52.354832594000101)",Unfall 159144 (2022) Kat:3, Licht: 0,159144,3,6,6,06,13,4,,0,1,0,1,0
"POINT (9.753578315000031 52.441657286000101)",Unfall 159148 (2022) Kat:3, Licht: 0,159148,3,6,0,06,13,3,,0,1,0,0,0
"POINT (9.798208528000030 52.316814149999999)",Unfall 159150 (2022) Kat:3, Licht: 0,159150,3,6,2,06,13,4,,0,0,0,0,1
"POINT (9.729133515000060 52.390504013000097)",Unfall 159153 (2022) Kat:3, Licht: 0,159153,3,7,0,06,19,3,,0,1,0,0,0
"POINT (9.610927456000070 52.413102482000099)",Unfall 159154 (2022) Kat:3, Licht: 0,159154,3,3,5,06,11,3,,0,1,1,0,0
"POINT (9.762870872000059 52.410286720999999)",Unfall 159156 (2022) Kat:3, Licht: 0,159156,3,2,3,06,08,6,,0,1,0,0,0
"POINT (9.431273545000071 52.414435306000001)",Unfall 159169 (2022) Kat:3, Licht: 0,159169,3,5,5,06,17,4,,0,1,1,0,0
"POINT (9.717998810000040 52.341845432000099)",Unfall 159171 (2022) Kat:3, Licht: 0,159171,3,6,4,06,18,7,,0,1,0,0,0
"POINT (9.714326360000030 52.371315709999998)",Unfall 159176 (2022) Kat:3, Licht: 0,159176,3,6,2,06,13,5,,0,0,1,0,0
"POINT (9.738202218000030 52.382027650000097)",Unfall 159179 (2022) Kat:3, Licht: 2,159179,3,3,5,06,23,7,,2,0,1,0,0
"POINT (9.704505675000060 52.369692495000002)",Unfall 159184 (2022) Kat:3, Licht: 0,159184,3,2,5,07,10,6,,0,1,1,0,0
"POINT (10.206912285000000 52.464141386999998)",Unfall 159186 (2022) Kat:3, Licht: 0,159186,3,3,5,06,12,7,,0,1,0,0,0
"POINT (9.543881652000040 52.207642348000000)",Unfall 159190 (2022) Kat:3, Licht: 0,159190,3,5,1,06,08,3,,0,1,1,0,0
"POINT (9.670153400000061 52.399825285000098)",Unfall 159194 (2022) Kat:3, Licht: 2,159194,3,7,0,06,22,1,,2,0,0,0,0
"POINT (9.665272588000050 52.338307257000103)",Unfall 159195 (2022) Kat:3, Licht: 0,159195,3,2,6,06,08,3,,0,0,1,1,0
"POINT (9.819781460000060 52.389834569000101)",Unfall 159201 (2022) Kat:3, Licht: 0,159201,3,2,2,07,09,6,,0,0,1,0,1
"POINT (9.580930281000059 52.452597120000100)",Unfall 159203 (2022) Kat:3, Licht: 0,159203,3,3,5,06,18,3,,0,1,0,0,0
"POINT (9.733810386000069 52.384690843999998)",Unfall 159204 (2022) Kat:3, Licht: 0,159204,3,2,3,06,08,6,,0,1,0,0,0
"POINT (9.762248856000040 52.357723235999998)",Unfall 159205 (2022) Kat:3, Licht: 0,159205,3,3,5,06,08,6,,0,1,1,0,0
"POINT (9.693749954000049 52.406172420000097)",Unfall 159213 (2022) Kat:3, Licht: 0,159213,3,5,1,06,16,5,,0,0,1,0,0
"POINT (9.761542687000031 52.273559511000002)",Unfall 159218 (2022) Kat:3, Licht: 0,159218,3,7,0,06,16,4,,0,1,0,0,0
"POINT (9.734093193000041 52.547897165999998)",Unfall 159220 (2022) Kat:3, Licht: 0,159220,3,2,5,06,08,7,,0,1,1,0,0
"POINT (9.691453354000030 52.345491166000002)",Unfall 159225 (2022) Kat:3, Licht: 0,159225,3,6,2,06,08,5,,0,0,1,0,1
"POINT (9.748922120000030 52.378535642000003)",Unfall 159227 (2022) Kat:3, Licht: 2,159227,3,1,0,06,23,4,,2,1,0,0,0
"POINT (9.737447717000070 52.381669352000102)",Unfall 159235 (2022) Kat:3, Licht: 2,159235,3,6,2,07,21,6,,2,0,1,0,0
"POINT (9.717065708000060 52.369078138000098)",Unfall 159241 (2022) Kat:3, Licht: 0,159241,3,5,1,06,15,4,,0,0,1,0,1
"POINT (9.825672760000030 52.400055573000003)",Unfall 159250 (2022) Kat:3, Licht: 2,159250,3,6,2,06,22,4,,2,0,1,1,0
"POINT (9.727754023000051 52.360356943000099)",Unfall 159252 (2022) Kat:3, Licht: 0,159252,3,7,0,06,19,6,,0,1,0,0,0
"POINT (9.744229855000070 52.373308479000102)",Unfall 159258 (2022) Kat:3, Licht: 0,159258,3,7,0,06,08,1,,0,0,0,0,0
"POINT (9.768276011000070 52.264526801999999)",Unfall 159263 (2022) Kat:3, Licht: 0,159263,3,4,6,06,11,5,,0,0,1,1,0
"POINT (9.681608802000030 52.416286950000000)",Unfall 159266 (2022) Kat:3, Licht: 2,159266,3,6,2,06,22,2,,2,0,1,0,1
"POINT (9.792197136000031 52.396706403000103)",Unfall 159270 (2022) Kat:3, Licht: 0,159270,3,6,2,06,16,5,,0,0,1,0,0
"POINT (10.197037614000100 52.459932600000101)",Unfall 159274 (2022) Kat:3, Licht: 0,159274,3,3,0,06,07,6,,0,1,1,0,0
"POINT (9.825058806000071 52.293617392999998)",Unfall 159291 (2022) Kat:3, Licht: 0,159291,3,3,5,06,13,2,,0,1,1,0,0
"POINT (9.753510039000050 52.441530088000000)",Unfall 159292 (2022) Kat:3, Licht: 0,159292,3,3,5,06,16,7,,0,1,1,0,0
"POINT (9.751268981000070 52.372153101000002)",Unfall 159300 (2022) Kat:3, Licht: 0,159300,3,6,3,06,16,7,,0,0,1,0,0
"POINT (9.800714698000039 52.405749688000100)",Unfall 159303 (2022) Kat:3, Licht: 0,159303,3,3,5,06,09,4,,0,1,1,0,0
"POINT (9.694301875000059 52.392283102000100)",Unfall 159305 (2022) Kat:3, Licht: 0,159305,3,6,4,06,18,3,,0,1,0,0,0
"POINT (9.717149661000059 52.339765731000099)",Unfall 159306 (2022) Kat:3, Licht: 0,159306,3,2,3,06,18,3,,0,1,1,0,0
"POINT (9.756129596000051 52.342662353999998)",Unfall 159317 (2022) Kat:3, Licht: 0,159317,3,2,5,06,13,4,,0,1,1,0,0
"POINT (9.738158617000069 52.434978409000102)",Unfall 159319 (2022) Kat:2, Licht: 0,159319,2,3,5,07,17,6,,0,0,1,0,0
"POINT (9.710096055000070 52.367280703000098)",Unfall 159330 (2022) Kat:3, Licht: 0,159330,3,1,0,06,12,3,,0,1,0,0,0
"POINT (9.734885579000039 52.384566097000103)",Unfall 159335 (2022) Kat:3, Licht: 0,159335,3,6,4,06,20,4,,0,1,0,0,0
"POINT (9.717309034000040 52.381698980000102)",Unfall 159339 (2022) Kat:3, Licht: 0,159339,3,4,6,06,11,2,,0,0,1,1,0