WKT,Name,OBJECTID,UKATEGORIE,UTYP1,UART,UMONAT,USTUNDE,UWOCHENTAG,STRZUSTAND,ULICHTVERH,ISTRAD,ISTPKW,ISTFUSS,ISTKRAD
"POINT (9.874816257000081 52.509875271000098)",Unfall 159342 (2022) Kat:3, Licht: 0,159342,3,7,7,06,17,4,,0,1,0,0,0
"POINT (9.725425124000029 52.382846350000101)",Unfall 159344 (2022) Kat:3, Licht: 0,159344,3,5,1,06,16,3,,0,1,1,0,0
"POINT (9.697318671000060 52.413652161000101)",Unfall 159349 (2022) Kat:3, Licht: 0,159349,3,2,3,06,17,3,,0,1,1,0,0
"POINT (9.805298493000070 52.412396948999998)",Unfall 159353 (2022) Kat:3, Licht: 0,159353,3,2,5,06,19,3,,0,1,1,0,0
"POINT (9.802384869000040 52.415979607000097)",Unfall 159354 (2022) Kat:3, Licht: 0,159354,3,3,5,06,18,4,,0,1,0,0,0
"POINT (9.745044817000061 52.387599441000098)",Unfall 159373 (2022) Kat:3, Licht: 0,159373,3,3,5,06,19,2,,0,1,1,0,0
"POINT (9.965770147000059 52.381140151000103)",Unfall 159379 (2022) Kat:3, Licht: 0,159379,3,2,0,06,16,5,,0,1,1,0,0
"POINT (9.742070035000040 52.369025362999999)",Unfall 159382 (2022) Kat:3, Licht: 0,159382,3,5,5,06,18,5,,0,1,1,0,0
"POINT (9.742273856000050 52.437767816000097)",Unfall 159385 (2022) Kat:3, Licht: 0,159385,3,2,2,06,13,2,,0,0,1,0,0
"POINT (9.708810752000030 52.334805748000100)",Unfall 159387 (2022) Kat:3, Licht: 0,159387,3,6,3,06,17,5,,0,1,0,0,0
"POINT (9.717651840000030 52.381495383000100)",Unfall 159388 (2022) Kat:3, Licht: 0,159388,3,6,2,06,11,4,,0,0,1,0,1
"POINT (9.791335280000061 52.369434161000100)",Unfall 159391 (2022) Kat:3, Licht: 1,159391,3,1,0,06,21,4,,1,1,0,0,0
"POINT (9.970756734000080 52.374789008999997)",Unfall 159392 (2022) Kat:3, Licht: 0,159392,3,3,5,06,16,7,,0,1,1,0,0
"POINT (9.653080044000030 52.412926926000097)",Unfall 159399 (2022) Kat:3, Licht: 0,159399,3,1,0,06,11,3,,0,1,0,0,0
"POINT (9.801078079000041 52.305208666000098)",Unfall 159403 (2022) Kat:2, Licht: 0,159403,2,3,5,06,17,5,,0,1,1,0,0
"POINT (9.751484127000030 52.357416905999997)",Unfall 159404 (2022) Kat:3, Licht: 0,159404,3,3,5,06,09,6,,0,1,1,0,0
"POINT (9.433127220000070 52.318190188000102)",Unfall 159405 (2022) Kat:3, Licht: 0,159405,3,6,2,06,13,6,,0,0,1,0,0
"POINT (9.740044357000039 52.366612718000098)",Unfall 159417 (2022) Kat:3, Licht: 0,159417,3,3,5,06,16,7,,0,1,1,0,0
"POINT (9.803111207000031 52.396498752000099)",Unfall 159418 (2022) Kat:3, Licht: 0,159418,3,3,5,06,15,2,,0,1,1,0,0
"POINT (9.741629897000051 52.371819619000100)",Unfall 159422 (2022) Kat:3, Licht: 0,159422,3,5,4,06,17,5,,0,0,1,0,1
"POINT (10.011387974000099 52.514890483999999)",Unfall 159423 (2022) Kat:2, Licht: 0,159423,2,7,7,06,15,3,,0,1,0,0,0
"POINT (9.808915315000039 52.386203387000101)",Unfall 159424 (2022) Kat:3, Licht: 0,159424,3,3,5,06,17,4,,0,1,1,0,0
"POINT (9.709168339000030 52.359983869000096)",Unfall 159426 (2022) Kat:3, Licht: 0,159426,3,7,0,07,10,3,,0,0,0,0,1
"POINT (9.755981417000040 52.360497622000103)",Unfall 159427 (2022) Kat:3, Licht: 0,159427,3,7,0,07,12,5,,0,1,0,0,0
"POINT (9.759426966000040 52.451014342000100)",Unfall 159428 (2022) Kat:3, Licht: 0,159428,3,3,5,07,17,1,,0,1,1,0,0
"POINT (9.752061180000061 52.410421460000101)",Unfall 159441 (2022) Kat:3, Licht: 0,159441,3,3,5,07,17,3,,0,0,1,0,0
"POINT (9.937627950000040 52.544739675000102)",Unfall 159444 (2022) Kat:3, Licht: 0,159444,3,1,8,07,16,1,,0,1,0,0,0
"POINT (9.495358137000039 52.305674864000103)",Unfall 159457 (2022) Kat:3, Licht: 0,159457,3,2,2,07,11,7,,0,0,1,0,0
"POINT (9.713541257000029 52.371163101000000)",Unfall 159462 (2022) Kat:3, Licht: 2,159462,3,7,0,07,22,2,,2,1,0,0,0
"POINT (9.789145078000050 52.376379555000000)",Unfall 159465 (2022) Kat:3, Licht: 0,159465,3,3,5,07,10,4,,0,1,1,0,0
"POINT (9.742532038000039 52.375322739000097)",Unfall 159470 (2022) Kat:3, Licht: 0,159470,3,7,0,07,18,4,,0,1,0,0,0
"POINT (9.734186734000049 52.376679916999997)",Unfall 159472 (2022) Kat:3, Licht: 0,159472,3,1,0,07,15,1,,0,1,0,0,0
"POINT (9.719183694000041 52.352421326000098)",Unfall 159473 (2022) Kat:2, Licht: 0,159473,2,1,7,07,17,2,,0,1,0,0,0
"POINT (9.734874392000050 52.432198146000097)",Unfall 159493 (2022) Kat:3, Licht: 0,159493,3,6,3,07,12,2,,0,1,0,0,0
"POINT (9.792380185000070 52.399911854999999)",Unfall 159495 (2022) Kat:3, Licht: 2,159495,3,1,0,07,23,6,,2,0,0,0,1
"POINT (9.739974590000029 52.362011852000101)",Unfall 159511 (2022) Kat:3, Licht: 1,159511,3,2,5,07,21,4,,1,1,1,0,0
"POINT (9.736895559000059 52.404611064000100)",Unfall 159512 (2022) Kat:2, Licht: 0,159512,2,3,5,07,06,5,,0,0,1,0,0
"POINT (9.707391910000069 52.372150739000098)",Unfall 159513 (2022) Kat:3, Licht: 1,159513,3,7,0,07,22,7,,1,0,0,0,0
"POINT (10.010046660000100 52.482708370000097)",Unfall 159514 (2022) Kat:3, Licht: 0,159514,3,3,5,07,18,6,,0,0,1,0,0
"POINT (9.693716398000049 52.400978776999999)",Unfall 159522 (2022) Kat:3, Licht: 0,159522,3,2,5,07,07,5,,0,1,1,0,0
"POINT (9.854813122000049 52.388931387000099)",Unfall 159523 (2022) Kat:3, Licht: 2,159523,3,6,4,07,22,3,,2,0,1,0,0
"POINT (9.751354108000040 52.391392903000103)",Unfall 159525 (2022) Kat:3, Licht: 0,159525,3,6,4,07,12,4,,0,1,0,0,0
"POINT (9.815937640000071 52.318211414000103)",Unfall 159527 (2022) Kat:3, Licht: 0,159527,3,7,0,07,08,6,,0,0,1,0,0
"POINT (9.747017253000021 52.387248138000103)",Unfall 159534 (2022) Kat:3, Licht: 0,159534,3,3,5,07,17,3,,0,1,0,0,0
"POINT (9.740636480000029 52.380754547000002)",Unfall 159538 (2022) Kat:3, Licht: 0,159538,3,6,4,07,17,1,,0,1,0,0,0
"POINT (9.734591661000019 52.362283181000102)",Unfall 159541 (2022) Kat:3, Licht: 0,159541,3,3,5,08,14,2,,0,1,0,0,0
"POINT (9.659232177000041 52.167557889000101)",Unfall 159549 (2022) Kat:3, Licht: 0,159549,3,4,6,07,07,3,,0,1,0,1,0
"POINT (9.780729028000049 52.328518012000103)",Unfall 159557 (2022) Kat:3, Licht: 0,159557,3,3,5,07,13,4,,0,1,1,0,0
"POINT (9.732296157000061 52.441471655000001)",Unfall 159559 (2022) Kat:3, Licht: 0,159559,3,2,5,07,09,2,,0,1,1,0,0
"POINT (9.757033819000069 52.420294556999998)",Unfall 159563 (2022) Kat:3, Licht: 0,159563,3,3,5,07,14,6,,0,1,1,0,0
"POINT (9.781369861000030 52.328733838000097)",Unfall 159566 (2022) Kat:3, Licht: 2,159566,3,4,6,07,23,3,,2,0,1,1,0
"POINT (9.811548707000039 52.401869454000099)",Unfall 159574 (2022) Kat:3, Licht: 0,159574,3,6,4,07,15,4,,0,1,0,0,0
"POINT (9.591748467000061 52.392307109000100)",Unfall 159580 (2022) Kat:3, Licht: 0,159580,3,5,1,07,17,7,,0,1,1,0,0
"POINT (9.536521666000059 52.202235286000104)",Unfall 159582 (2022) Kat:3, Licht: 0,159582,3,6,4,07,08,5,,0,0,1,0,0
"POINT (9.363821372000070 52.456448723999998)",Unfall 159583 (2022) Kat:3, Licht: 0,159583,3,5,1,07,17,3,,0,0,1,0,0
"POINT (9.730319018000049 52.304411154000000)",Unfall 159596 (2022) Kat:3, Licht: 2,159596,3,1,0,07,23,7,,2,1,0,0,0
"POINT (9.732632581000081 52.397738176000097)",Unfall 159599 (2022) Kat:3, Licht: 0,159599,3,7,0,07,10,3,,0,0,1,0,0
"POINT (9.684954301000060 52.365038900000101)",Unfall 159601 (2022) Kat:3, Licht: 0,159601,3,3,5,07,11,7,,0,0,1,0,1
"POINT (9.750576476000051 52.375312462000103)",Unfall 159602 (2022) Kat:3, Licht: 0,159602,3,6,2,07,17,1,,0,0,1,0,0
"POINT (9.820138776000020 52.353104072000100)",Unfall 159605 (2022) Kat:3, Licht: 0,159605,3,6,6,07,19,6,,0,0,0,1,0
"POINT (9.761173414000041 52.332832302000000)",Unfall 159616 (2022) Kat:3, Licht: 0,159616,3,3,5,07,18,2,,0,1,0,0,0
"POINT (9.855071380000030 52.392179384000002)",Unfall 159619 (2022) Kat:3, Licht: 0,159619,3,3,5,07,12,4,,0,0,1,0,0
"POINT (9.689431794000029 52.348128924999997)",Unfall 159622 (2022) Kat:3, Licht: 0,159622,3,7,7,07,21,4,,0,1,0,0,0
"POINT (10.012191972000000 52.443382057000100)",Unfall 159627 (2022) Kat:3, Licht: 0,159627,3,1,0,07,11,2,,0,0,0,0,1
"POINT (9.725655252000021 52.362523371000101)",Unfall 159629 (2022) Kat:3, Licht: 2,159629,3,7,1,07,20,6,,2,0,1,1,0
"POINT (9.724140917000060 52.347031317000102)",Unfall 159631 (2022) Kat:3, Licht: 0,159631,3,2,5,07,14,5,,0,1,1,0,0
"POINT (9.744776750000030 52.391417210000000)",Unfall 159645 (2022) Kat:3, Licht: 1,159645,3,4,6,08,21,4,,1,1,0,1,0
"POINT (9.854491294000070 52.391731462000102)",Unfall 159654 (2022) Kat:3, Licht: 0,159654,3,7,0,08,15,3,,0,0,0,0,0
"POINT (9.854355634000060 52.433561525000101)",Unfall 159657 (2022) Kat:3, Licht: 0,159657,3,3,5,07,12,3,,0,1,0,0,0
"POINT (9.806303468000070 52.378382565000003)",Unfall 159661 (2022) Kat:3, Licht: 0,159661,3,6,2,07,15,2,,0,0,1,0,0
"POINT (9.610683386000060 52.449397668000103)",Unfall 159665 (2022) Kat:3, Licht: 0,159665,3,1,8,07,15,7,,0,0,0,0,1
"POINT (9.790070404000060 52.346612516000100)",Unfall 159669 (2022) Kat:3, Licht: 0,159669,3,3,5,07,07,2,,0,0,0,0,0
"POINT (9.984045524000070 52.465718815000102)",Unfall 159673 (2022) Kat:2, Licht: 0,159673,2,1,8,07,18,7,,0,0,0,0,0
"POINT (9.614976644000020 52.404955814000097)",Unfall 159674 (2022) Kat:3, Licht: 0,159674,3,7,5,07,13,6,,0,0,1,0,0
"POINT (9.794242568000071 52.373438536000002)",Unfall 159676 (2022) Kat:3, Licht: 0,159676,3,2,3,07,12,4,,0,1,0,0,0
"POINT (9.754231818000051 52.480315910000101)",Unfall 159693 (2022) Kat:3, Licht: 0,159693,3,3,5,07,13,2,,0,0,1,0,0
"POINT (9.567992956000070 52.208313099000101)",Unfall 159696 (2022) Kat:3, Licht: 0,159696,3,6,4,07,12,5,,0,0,1,0,0
"POINT (9.726662050000069 52.384029620000000)",Unfall 159698 (2022) Kat:3, Licht: 0,159698,3,7,0,08,16,4,,0,1,1,0,0
"POINT (9.672730880000071 52.398348851000002)",Unfall 159702 (2022) Kat:3, Licht: 0,159702,3,2,5,07,13,3,,0,0,1,0,0
"POINT (9.431445576000041 52.417809656000003)",Unfall 159704 (2022) Kat:3, Licht: 0,159704,3,7,0,07,07,6,,0,1,0,0,0
"POINT (9.719834113000051 52.436592619000102)",Unfall 159710 (2022) Kat:3, Licht: 0,159710,3,3,5,07,06,5,,0,0,1,0,0
"POINT (10.114711041000000 52.488697758999997)",Unfall 159715 (2022) Kat:3, Licht: 0,159715,3,6,2,07,14,1,,0,1,1,0,0
"POINT (9.733711553000029 52.362206708000002)",Unfall 159727 (2022) Kat:3, Licht: 2,159727,3,6,6,07,00,7,,2,0,1,1,0
"POINT (9.434533071000031 52.415771935000102)",Unfall 159739 (2022) Kat:3, Licht: 0,159739,3,3,5,07,20,6,,0,1,1,0,0
"POINT (9.752091895000040 52.410507457999998)",Unfall 159746 (2022) Kat:3, Licht: 0,159746,3,3,5,07,14,2,,0,1,1,0,0
"POINT (9.729477099000061 52.393099306000103)",Unfall 159750 (2022) Kat:3, Licht: 0,159750,3,7,0,07,12,3,,0,1,1,0,0
"POINT (9.726957610000060 52.351868326999998)",Unfall 159753 (2022) Kat:3, Licht: 2,159753,3,7,9,07,23,6,,2,1,0,0,0
"POINT (9.705859834000020 52.407524584000001)",Unfall 159756 (2022) Kat:3, Licht: 0,159756,3,1,0,08,11,3,,0,1,0,0,0
"POINT (9.738816454000069 52.363324410000097)",Unfall 159762 (2022) Kat:3, Licht: 0,159762,3,7,7,07,19,1,,0,1,0,0,0
"POINT (9.727620893000051 52.437769566999997)",Unfall 159763 (2022) Kat:3, Licht: 0,159763,3,1,0,07,18,1,,0,1,0,0,0
"POINT (9.737778643000070 52.373130795000101)",Unfall 159770 (2022) Kat:3, Licht: 0,159770,3,6,6,07,18,2,,0,1,0,1,0
"POINT (9.752556552000041 52.373862037000002)",Unfall 159773 (2022) Kat:3, Licht: 0,159773,3,6,4,07,18,6,,0,1,0,0,0
"POINT (9.738471130000050 52.376950847000003)",Unfall 159787 (2022) Kat:3, Licht: 0,159787,3,6,6,07,20,6,,0,0,0,1,0
"POINT (9.712791706000081 52.368797583999999)",Unfall 159792 (2022) Kat:3, Licht: 0,159792,3,5,1,08,18,3,,0,0,0,0,1
"POINT (9.429943870000050 52.420310076000099)",Unfall 159794 (2022) Kat:3, Licht: 0,159794,3,6,2,07,09,3,,0,1,1,0,0
"POINT (9.736126517000059 52.374233007000001)",Unfall 159807 (2022) Kat:3, Licht: 0,159807,3,6,0,07,16,3,,0,0,0,1,0
"POINT (9.754831112000030 52.367373606999998)",Unfall 159810 (2022) Kat:3, Licht: 0,159810,3,2,5,07,13,1,,0,0,1,0,0
"POINT (9.740065835000051 52.366998109000100)",Unfall 159813 (2022) Kat:3, Licht: 0,159813,3,2,3,08,07,2,,0,1,1,0,0
"POINT (9.739626286000030 52.376899891000100)",Unfall 159832 (2022) Kat:3, Licht: 0,159832,3,2,6,07,09,6,,0,1,0,1,0
"POINT (9.729428398000040 52.369489862000101)",Unfall 159833 (2022) Kat:3, Licht: 0,159833,3,5,1,07,16,6,,0,1,1,0,0
"POINT (9.743666855000070 52.369751892000103)",Unfall 159848 (2022) Kat:3, Licht: 0,159848,3,7,0,07,18,4,,0,0,0,0,0
"POINT (9.381399970000070 52.457382687000099)",Unfall 159850 (2022) Kat:2, Licht: 0,159850,2,1,0,07,15,2,,0,1,0,0,0
"POINT (9.854197021000060 52.391261749000101)",Unfall 159857 (2022) Kat:3, Licht: 0,159857,3,5,1,07,12,4,,0,0,1,1,0
"POINT (9.749297770000060 52.389912295999999)",Unfall 159858 (2022) Kat:3, Licht: 0,159858,3,6,3,07,08,6,,0,1,0,0,0
"POINT (9.974823719000030 52.307630586000101)",Unfall 159866 (2022) Kat:3, Licht: 0,159866,3,3,5,07,13,7,,0,1,1,0,0
"POINT (9.719480732000020 52.391747892000097)",Unfall 159868 (2022) Kat:3, Licht: 0,159868,3,6,4,07,18,4,,0,1,1,0,0
"POINT (9.773493930000029 52.364410807000098)",Unfall 159869 (2022) Kat:3, Licht: 0,159869,3,3,5,07,18,3,,0,1,1,0,0
"POINT (9.750128319000050 52.434239795000103)",Unfall 159873 (2022) Kat:3, Licht: 0,159873,3,7,1,07,19,2,,0,0,1,0,0
"POINT (9.458146793000029 52.507683698999998)",Unfall 159887 (2022) Kat:3, Licht: 0,159887,3,6,2,07,15,5,,0,0,1,0,0
"POINT (9.782219559000049 52.340874624000001)",Unfall 159888 (2022) Kat:3, Licht: 0,159888,3,7,0,07,08,2,,0,1,0,0,0
"POINT (9.610302557000070 52.423876857000003)",Unfall 159889 (2022) Kat:3, Licht: 0,159889,3,2,5,07,12,3,,0,0,1,0,0
"POINT (9.822923739000030 52.383185982000001)",Unfall 159895 (2022) Kat:3, Licht: 0,159895,3,3,0,07,11,4,,0,1,1,0,0
"POINT (9.832513843000070 52.337038991999997)",Unfall 159897 (2022) Kat:3, Licht: 0,159897,3,7,0,07,19,1,,0,1,0,0,0
"POINT (10.007518443000000 52.446732017000002)",Unfall 159899 (2022) Kat:3, Licht: 0,159899,3,4,6,07,13,2,,0,0,1,1,0
"POINT (9.628386582000079 52.378060013000002)",Unfall 159905 (2022) Kat:3, Licht: 0,159905,3,5,4,07,19,6,,0,1,1,0,0
"POINT (9.590289838000050 52.396310191000097)",Unfall 159912 (2022) Kat:3, Licht: 0,159912,3,7,6,07,09,3,,0,0,1,1,0
"POINT (9.751872750000080 52.434511643000100)",Unfall 159917 (2022) Kat:3, Licht: 0,159917,3,3,5,07,11,7,,0,0,1,0,0
"POINT (9.551581309000030 52.214538407000099)",Unfall 159922 (2022) Kat:3, Licht: 0,159922,3,3,5,07,09,2,,0,0,1,0,1
"POINT (9.765570325000059 52.397302715000102)",Unfall 159923 (2022) Kat:3, Licht: 0,159923,3,1,0,08,09,3,,0,1,0,0,0
"POINT (9.762867740000051 52.419233853999998)",Unfall 159927 (2022) Kat:3, Licht: 0,159927,3,7,0,07,08,3,,0,1,0,0,0
"POINT (9.730195491000069 52.373170119000100)",Unfall 159928 (2022) Kat:3, Licht: 0,159928,3,7,0,07,11,4,,0,1,0,0,0
"POINT (9.690453384000021 52.395110493000097)",Unfall 159935 (2022) Kat:3, Licht: 0,159935,3,6,4,07,17,5,,0,1,1,0,0
"POINT (9.731715913000070 52.367023790000097)",Unfall 159941 (2022) Kat:3, Licht: 1,159941,3,6,0,07,23,4,,1,1,1,0,0
"POINT (9.616671886000059 52.410166742999998)",Unfall 159951 (2022) Kat:3, Licht: 2,159951,3,7,1,07,21,6,,2,0,1,0,1
"POINT (9.708207828000070 52.367156348000002)",Unfall 159957 (2022) Kat:3, Licht: 0,159957,3,7,0,07,13,6,,0,1,0,0,0
"POINT (9.806950239000059 52.414044574000101)",Unfall 159959 (2022) Kat:3, Licht: 0,159959,3,7,0,07,10,3,,0,0,0,0,0
"POINT (9.496858895000059 52.284518833000000)",Unfall 159962 (2022) Kat:3, Licht: 0,159962,3,7,0,07,07,5,,0,1,0,0,0
"POINT (9.746598927000040 52.353926541000099)",Unfall 159963 (2022) Kat:3, Licht: 0,159963,3,6,3,07,15,3,,0,0,1,0,1
"POINT (9.719891798000051 52.358681611000101)",Unfall 159967 (2022) Kat:3, Licht: 0,159967,3,1,0,07,19,7,,0,1,0,0,0
"POINT (9.668040132000041 52.355837429000097)",Unfall 159969 (2022) Kat:3, Licht: 0,159969,3,7,0,07,17,5,,0,0,0,0,0
"POINT (9.595508133000070 52.427961885999999)",Unfall 159977 (2022) Kat:3, Licht: 0,159977,3,2,5,07,07,6,,0,0,1,0,1
"POINT (9.716898670000029 52.372768872000101)",Unfall 159981 (2022) Kat:3, Licht: 0,159981,3,1,0,07,05,7,,0,1,0,0,0
"POINT (10.022988681000101 52.536463499000000)",Unfall 159982 (2022) Kat:3, Licht: 0,159982,3,1,0,07,17,7,,0,1,0,0,0
"POINT (9.747794155000070 52.378230371000001)",Unfall 159985 (2022) Kat:3, Licht: 0,159985,3,3,5,07,13,5,,0,1,1,0,0
"POINT (9.811439458000050 52.293727410000002)",Unfall 159990 (2022) Kat:3, Licht: 0,159990,3,5,3,07,10,6,,0,1,1,0,0
"POINT (9.694635213000030 52.352978057000001)",Unfall 159993 (2022) Kat:3, Licht: 0,159993,3,2,5,07,13,3,,0,1,1,0,0
"POINT (9.726604685000041 52.382048320000102)",Unfall 159996 (2022) Kat:3, Licht: 0,159996,3,7,1,07,15,1,,0,1,1,0,0
"POINT (9.817514236000020 52.393310812999999)",Unfall 160003 (2022) Kat:3, Licht: 0,160003,3,6,0,07,17,6,,0,1,1,0,0
"POINT (9.746842577000050 52.387079522000100)",Unfall 160007 (2022) Kat:3, Licht: 0,160007,3,2,6,07,17,2,,0,1,0,1,0
"POINT (9.591953630000029 52.312695357000102)",Unfall 160011 (2022) Kat:3, Licht: 0,160011,3,3,5,07,13,3,,0,1,1,0,0
"POINT (9.666024957000049 52.381692835000102)",Unfall 160013 (2022) Kat:3, Licht: 2,160013,3,7,0,07,00,4,,2,0,0,0,1
"POINT (9.789911512000060 52.410144482000099)",Unfall 160018 (2022) Kat:3, Licht: 0,160018,3,2,3,07,18,5,,0,1,0,0,0
"POINT (10.007843304000099 52.488408303000000)",Unfall 160019 (2022) Kat:3, Licht: 0,160019,3,6,2,08,15,2,,0,0,1,0,0
"POINT (9.734889238000051 52.380316154000099)",Unfall 160020 (2022) Kat:3, Licht: 2,160020,3,3,5,07,23,4,,2,0,1,0,0
"POINT (9.724994125000020 52.387493075000101)",Unfall 160027 (2022) Kat:3, Licht: 0,160027,3,3,5,07,18,7,,0,0,1,0,0
"POINT (9.658828286000070 52.406156551999999)",Unfall 160028 (2022) Kat:2, Licht: 0,160028,2,3,5,07,19,4,,0,1,0,0,0
"POINT (9.729326566000051 52.390691691000001)",Unfall 160029 (2022) Kat:3, Licht: 0,160029,3,3,0,07,18,3,,0,0,1,0,0
"POINT (10.013360455000100 52.443761786000003)",Unfall 160032 (2022) Kat:3, Licht: 0,160032,3,7,0,07,16,2,,0,1,0,0,0
"POINT (9.707742748000040 52.367164876000103)",Unfall 160034 (2022) Kat:2, Licht: 0,160034,2,1,9,07,17,6,,0,1,0,0,0
"POINT (9.768178509000050 52.345402195000098)",Unfall 160042 (2022) Kat:2, Licht: 0,160042,2,2,4,07,14,2,,0,0,1,0,1
"POINT (9.785807242000031 52.398041826000103)",Unfall 160045 (2022) Kat:3, Licht: 0,160045,3,3,5,08,14,2,,0,0,1,0,0
"POINT (9.661784326000030 52.415312921000101)",Unfall 160054 (2022) Kat:3, Licht: 0,160054,3,6,2,07,21,6,,0,0,1,0,0
"POINT (9.717195490000050 52.344979182000003)",Unfall 160058 (2022) Kat:3, Licht: 0,160058,3,3,5,07,12,7,,0,1,1,0,0
"POINT (9.750744170000081 52.388247112000002)",Unfall 160062 (2022) Kat:3, Licht: 0,160062,3,3,5,07,18,3,,0,1,1,0,0
"POINT (9.753711002000051 52.380292047000097)",Unfall 160070 (2022) Kat:3, Licht: 0,160070,3,3,5,07,13,4,,0,1,1,0,0
"POINT (9.967326002000050 52.374958562000103)",Unfall 160078 (2022) Kat:3, Licht: 0,160078,3,7,1,07,14,3,,0,0,1,0,0
"POINT (9.542736568000070 52.212961279000098)",Unfall 160080 (2022) Kat:3, Licht: 0,160080,3,2,3,07,10,7,,0,1,1,0,0
"POINT (9.802683406000030 52.387941742000102)",Unfall 160087 (2022) Kat:3, Licht: 0,160087,3,3,5,07,16,3,,0,1,1,0,0
"POINT (9.610021759000061 52.426757545999997)",Unfall 160094 (2022) Kat:3, Licht: 0,160094,3,1,0,07,16,7,,0,0,0,0,1
"POINT (9.725344270000051 52.383952818000097)",Unfall 160099 (2022) Kat:3, Licht: 0,160099,3,2,5,07,10,2,,0,1,1,0,0
"POINT (9.721917088000049 52.389287844000101)",Unfall 160103 (2022) Kat:3, Licht: 0,160103,3,7,3,07,11,7,,0,0,1,0,0
"POINT (9.716985765000061 52.386179135000098)",Unfall 160110 (2022) Kat:2, Licht: 0,160110,2,1,0,07,19,2,,0,0,0,0,1
"POINT (9.414154727000041 52.430567506999999)",Unfall 160124 (2022) Kat:2, Licht: 0,160124,2,7,0,07,20,7,,0,1,0,0,0
"POINT (9.718204803000051 52.360579035999997)",Unfall 160128 (2022) Kat:3, Licht: 0,160128,3,1,0,07,20,4,,0,0,0,0,0
"POINT (9.790908802000050 52.401080643000100)",Unfall 160132 (2022) Kat:2, Licht: 2,160132,2,7,1,07,01,1,,2,0,1,0,1
"POINT (9.746218875000070 52.378634763999997)",Unfall 160134 (2022) Kat:3, Licht: 0,160134,3,1,0,07,18,6,,0,1,0,0,0
"POINT (9.725696562000049 52.476385012000001)",Unfall 160140 (2022) Kat:3, Licht: 0,160140,3,7,0,07,10,1,,0,1,0,0,0
"POINT (9.601124672000029 52.417091313000100)",Unfall 160141 (2022) Kat:3, Licht: 0,160141,3,3,5,07,18,7,,0,0,1,0,0
"POINT (9.741556446000059 52.438670365000100)",Unfall 160146 (2022) Kat:3, Licht: 0,160146,3,2,2,07,21,1,,0,1,1,0,0
"POINT (9.743251850000039 52.390694132000100)",Unfall 160150 (2022) Kat:3, Licht: 0,160150,3,7,0,07,13,5,,0,1,0,0,0
"POINT (9.732190643000020 52.448602236000099)",Unfall 160151 (2022) Kat:3, Licht: 0,160151,3,3,0,07,18,7,,0,1,0,0,0
"POINT (9.798265552000030 52.316672564000001)",Unfall 160153 (2022) Kat:3, Licht: 2,160153,3,4,6,07,00,7,,2,0,1,1,0
"POINT (9.720055332000070 52.364671230000098)",Unfall 160156 (2022) Kat:3, Licht: 2,160156,3,7,0,07,00,7,,2,1,0,0,0
"POINT (9.728127828000030 52.374215618999997)",Unfall 160175 (2022) Kat:3, Licht: 2,160175,3,2,5,07,04,1,,2,0,1,0,0
"POINT (9.783760592000020 52.410197164000103)",Unfall 160179 (2022) Kat:3, Licht: 0,160179,3,6,2,07,07,6,,0,0,1,0,0
"POINT (9.685612670000070 52.375147405000099)",Unfall 160183 (2022) Kat:3, Licht: 0,160183,3,3,5,08,18,3,,0,0,1,0,0
"POINT (9.761723513000049 52.356472279000101)",Unfall 160186 (2022) Kat:3, Licht: 0,160186,3,3,5,07,15,3,,0,1,1,0,0
"POINT (9.736907278000050 52.442803429000001)",Unfall 160191 (2022) Kat:3, Licht: 0,160191,3,6,3,07,13,7,,0,1,0,0,0
"POINT (9.747555846000070 52.389363902000099)",Unfall 160192 (2022) Kat:3, Licht: 0,160192,3,1,0,07,12,5,,0,1,0,0,0
"POINT (9.662975422000050 52.382896852000002)",Unfall 160198 (2022) Kat:3, Licht: 2,160198,3,5,1,07,23,4,,2,0,1,0,0
"POINT (9.742117891000021 52.378472668000001)",Unfall 160200 (2022) Kat:3, Licht: 0,160200,3,7,6,07,10,7,,0,0,1,1,0
"POINT (9.596578408000029 52.314068556000102)",Unfall 160206 (2022) Kat:2, Licht: 0,160206,2,5,0,07,12,7,,0,1,1,0,0
"POINT (9.725172805000060 52.383935694000101)",Unfall 160210 (2022) Kat:3, Licht: 0,160210,3,3,0,07,15,5,,0,0,1,0,1
"POINT (9.836222093000060 52.338494125000103)",Unfall 160217 (2022) Kat:3, Licht: 0,160217,3,3,5,07,20,3,,0,1,1,0,0