WKT,Name,OBJECTID,UKATEGORIE,UTYP1,UART,UMONAT,USTUNDE,UWOCHENTAG,STRZUSTAND,ULICHTVERH,ISTRAD,ISTPKW,ISTFUSS,ISTKRAD
"POINT (9.705835097000030 52.390740614000002)",Unfall 163090 (2022) Kat:3, Licht: 2,163090,3,3,5,10,18,2,,2,1,1,0,0
"POINT (9.876957007000041 52.280792932000097)",Unfall 163093 (2022) Kat:3, Licht: 2,163093,3,3,5,10,19,3,,2,1,1,0,0
"POINT (9.781443380000040 52.400109804000103)",Unfall 163099 (2022) Kat:3, Licht: 0,163099,3,2,2,10,15,5,,0,0,1,0,0
"POINT (10.003800302000100 52.450556316000103)",Unfall 163101 (2022) Kat:3, Licht: 2,163101,3,7,9,11,21,5,,2,0,1,0,0
"POINT (9.549441390000030 52.214126510000000)",Unfall 163113 (2022) Kat:3, Licht: 0,163113,3,2,2,11,14,3,,0,0,1,0,0
"POINT (9.841549997000071 52.414699793000104)",Unfall 163115 (2022) Kat:3, Licht: 0,163115,3,1,6,10,17,3,,0,0,1,1,0
"POINT (9.456697027000081 52.413072536000101)",Unfall 163131 (2022) Kat:3, Licht: 0,163131,3,6,2,10,08,3,,0,0,1,0,0
"POINT (9.765999517000070 52.365598648999999)",Unfall 163132 (2022) Kat:3, Licht: 0,163132,3,5,1,10,11,5,,0,1,1,0,0
"POINT (9.713358928000050 52.371422524000103)",Unfall 163136 (2022) Kat:3, Licht: 0,163136,3,1,0,10,08,2,,0,1,0,0,0
"POINT (9.705742284000049 52.329071878000001)",Unfall 163137 (2022) Kat:3, Licht: 0,163137,3,7,0,11,13,6,,0,1,0,0,0
"POINT (9.744079975000030 52.372581977999999)",Unfall 163145 (2022) Kat:3, Licht: 1,163145,3,7,0,10,20,5,,1,1,0,0,0
"POINT (9.727985637000071 52.340587263000003)",Unfall 163153 (2022) Kat:3, Licht: 2,163153,3,5,0,10,20,7,,2,1,1,0,0
"POINT (9.458132036000050 52.515391223000101)",Unfall 163157 (2022) Kat:3, Licht: 0,163157,3,5,1,10,12,4,,0,1,1,0,0
"POINT (9.520643449000030 52.463624801000002)",Unfall 163159 (2022) Kat:3, Licht: 0,163159,3,1,0,10,17,7,,0,1,0,0,0
"POINT (9.771444587000079 52.338751665000103)",Unfall 163161 (2022) Kat:3, Licht: 1,163161,3,4,6,11,16,3,,1,0,1,1,0
"POINT (9.765735052000030 52.395902045000099)",Unfall 163163 (2022) Kat:3, Licht: 0,163163,3,3,5,10,17,3,,0,0,1,0,1
"POINT (9.987673235000051 52.462695308999997)",Unfall 163164 (2022) Kat:3, Licht: 0,163164,3,1,4,10,15,6,,0,0,1,0,0
"POINT (9.726319533000041 52.417433032000098)",Unfall 163168 (2022) Kat:2, Licht: 2,163168,2,1,9,10,02,6,,2,0,0,0,0
"POINT (9.750880439000071 52.376829585000102)",Unfall 163170 (2022) Kat:3, Licht: 0,163170,3,2,5,10,09,6,,0,1,0,0,0
"POINT (9.618160262000060 52.429022525999997)",Unfall 163177 (2022) Kat:3, Licht: 2,163177,3,6,2,10,22,5,,2,0,1,0,0
"POINT (9.870701793000020 52.366728371000100)",Unfall 163180 (2022) Kat:3, Licht: 2,163180,3,6,8,10,21,5,,2,0,1,0,0
"POINT (9.689837685000040 52.431649655999998)",Unfall 163181 (2022) Kat:3, Licht: 0,163181,3,3,5,11,11,5,,0,1,1,0,0
"POINT (9.692349860000039 52.344521610000101)",Unfall 163183 (2022) Kat:3, Licht: 0,163183,3,1,0,10,13,1,,0,1,0,0,0
"POINT (9.707211012000069 52.369301595000103)",Unfall 163188 (2022) Kat:3, Licht: 0,163188,3,3,5,11,10,5,,0,1,0,0,0
"POINT (9.820424432000040 52.358969442999999)",Unfall 163194 (2022) Kat:3, Licht: 0,163194,3,7,0,10,14,5,,0,1,0,0,0
"POINT (9.720228566000060 52.354723029000098)",Unfall 163195 (2022) Kat:3, Licht: 0,163195,3,3,5,10,10,5,,0,1,1,0,0
"POINT (9.357436424000070 52.456127375999998)",Unfall 163199 (2022) Kat:3, Licht: 0,163199,3,3,5,10,15,3,,0,0,1,0,0
"POINT (9.598269873000049 52.393572963000103)",Unfall 163200 (2022) Kat:3, Licht: 0,163200,3,2,6,10,13,1,,0,0,1,1,0
"POINT (9.714734234000050 52.392933809000098)",Unfall 163201 (2022) Kat:2, Licht: 2,163201,2,4,6,11,19,4,,2,0,1,1,0
"POINT (9.730593355000050 52.391425124000101)",Unfall 163207 (2022) Kat:3, Licht: 0,163207,3,6,0,11,10,7,,0,0,1,0,0
"POINT (9.750573130000021 52.375311044999997)",Unfall 163215 (2022) Kat:3, Licht: 1,163215,3,3,5,10,17,3,,1,0,1,0,0
"POINT (9.753302282000050 52.382820518000102)",Unfall 163217 (2022) Kat:3, Licht: 0,163217,3,3,5,11,11,6,,0,0,1,0,0
"POINT (9.708607303000059 52.388385411000101)",Unfall 163224 (2022) Kat:3, Licht: 0,163224,3,3,5,10,16,2,,0,1,1,0,0
"POINT (9.692522146000041 52.398395839999999)",Unfall 163229 (2022) Kat:3, Licht: 0,163229,3,6,2,10,16,2,,0,0,1,0,0
"POINT (9.741573379000039 52.383908900999998)",Unfall 163236 (2022) Kat:3, Licht: 0,163236,3,7,0,10,09,2,,0,0,1,0,0
"POINT (9.656351826000050 52.407445026000097)",Unfall 163238 (2022) Kat:2, Licht: 0,163238,2,3,5,11,07,4,,0,1,1,0,0
"POINT (9.766610575000071 52.418359479999999)",Unfall 163245 (2022) Kat:3, Licht: 0,163245,3,6,2,10,07,3,,0,0,1,0,0
"POINT (9.739658708000039 52.376918719999999)",Unfall 163251 (2022) Kat:3, Licht: 2,163251,3,2,6,11,22,6,,2,0,0,1,0
"POINT (9.744840247000070 52.374690466000096)",Unfall 163254 (2022) Kat:2, Licht: 0,163254,2,6,3,10,18,4,,0,1,1,0,0
"POINT (9.585216821000071 52.422370204000103)",Unfall 163265 (2022) Kat:3, Licht: 0,163265,3,3,5,11,09,6,,0,0,1,0,0
"POINT (9.425264231000030 52.424220252000097)",Unfall 163268 (2022) Kat:3, Licht: 0,163268,3,3,5,11,13,3,,0,1,1,0,0
"POINT (9.862792243000060 52.490436003000099)",Unfall 163271 (2022) Kat:3, Licht: 0,163271,3,7,0,10,11,1,,0,0,1,0,0
"POINT (9.776503449000071 52.362931455000101)",Unfall 163276 (2022) Kat:3, Licht: 0,163276,3,7,0,10,07,3,,0,1,0,0,0
"POINT (9.602258948000040 52.441867956000102)",Unfall 163279 (2022) Kat:3, Licht: 0,163279,3,3,5,10,09,2,,0,1,1,0,0
"POINT (9.739529694000050 52.376865478000099)",Unfall 163281 (2022) Kat:3, Licht: 0,163281,3,7,0,10,11,5,,0,0,1,0,0
"POINT (9.744048100000040 52.379760588000103)",Unfall 163284 (2022) Kat:3, Licht: 0,163284,3,7,0,11,15,1,,0,1,0,0,0
"POINT (9.717103831000030 52.341888197000102)",Unfall 163285 (2022) Kat:3, Licht: 2,163285,3,3,5,10,18,7,,2,1,0,0,0
"POINT (9.690638265000080 52.346134630999998)",Unfall 163287 (2022) Kat:3, Licht: 0,163287,3,2,4,10,15,4,,0,0,1,0,0
"POINT (9.764638358000070 52.394542365000099)",Unfall 163290 (2022) Kat:3, Licht: 0,163290,3,3,5,10,16,3,,0,1,1,0,0
"POINT (9.699805646000071 52.334381517000097)",Unfall 163294 (2022) Kat:3, Licht: 0,163294,3,4,6,10,16,3,,0,0,1,1,0
"POINT (9.735490026000040 52.372186306000103)",Unfall 163303 (2022) Kat:3, Licht: 0,163303,3,4,6,11,14,5,,0,0,1,1,0
"POINT (9.792483760000041 52.397511461000100)",Unfall 163307 (2022) Kat:1, Licht: 0,163307,1,3,5,10,09,2,,0,1,1,0,0
"POINT (9.809118629000070 52.332193436000097)",Unfall 163309 (2022) Kat:3, Licht: 0,163309,3,6,2,10,17,5,,0,0,1,0,1
"POINT (9.732040560000030 52.547678298000100)",Unfall 163311 (2022) Kat:3, Licht: 2,163311,3,2,4,11,17,5,,2,1,1,0,0
"POINT (9.828885585000020 52.347062483000101)",Unfall 163322 (2022) Kat:3, Licht: 0,163322,3,7,1,10,17,5,,0,0,1,1,0
"POINT (9.792256419000070 52.403025094000000)",Unfall 163328 (2022) Kat:3, Licht: 0,163328,3,3,5,10,13,2,,0,1,1,0,0
"POINT (9.780260566000040 52.401774257000099)",Unfall 163330 (2022) Kat:3, Licht: 2,163330,3,5,1,10,02,4,,2,1,1,0,0
"POINT (9.751903426000069 52.372936129999999)",Unfall 163337 (2022) Kat:3, Licht: 0,163337,3,3,5,11,08,4,,0,1,1,0,0
"POINT (9.750853213000029 52.388017863000101)",Unfall 163353 (2022) Kat:2, Licht: 0,163353,2,7,0,10,17,5,,0,0,0,0,0
"POINT (9.792919299000060 52.394776469000099)",Unfall 163362 (2022) Kat:3, Licht: 1,163362,3,6,2,10,19,1,,1,0,1,0,0
"POINT (9.714280629000029 52.404794831000103)",Unfall 163363 (2022) Kat:3, Licht: 0,163363,3,5,1,10,11,4,,0,0,1,0,0
"POINT (9.762683789000050 52.368622143000003)",Unfall 163376 (2022) Kat:3, Licht: 0,163376,3,3,5,10,15,6,,0,1,1,0,0
"POINT (9.747783725000030 52.391508242999997)",Unfall 163381 (2022) Kat:3, Licht: 0,163381,3,4,6,11,08,4,,0,1,0,1,0
"POINT (9.474301926000070 52.427042499999999)",Unfall 163382 (2022) Kat:3, Licht: 0,163382,3,6,2,11,15,1,,0,1,0,0,0
"POINT (9.448540597000029 52.510288387000102)",Unfall 163388 (2022) Kat:3, Licht: 0,163388,3,3,5,10,15,3,,0,1,1,0,0
"POINT (9.763469362000020 52.339327246000003)",Unfall 163390 (2022) Kat:3, Licht: 2,163390,3,2,2,11,17,6,,2,1,1,0,0
"POINT (9.760919655000070 52.339527396000101)",Unfall 163391 (2022) Kat:3, Licht: 1,163391,3,5,1,11,07,3,,1,1,1,0,0
"POINT (9.766805871000029 52.418321836000104)",Unfall 163394 (2022) Kat:2, Licht: 0,163394,2,6,4,10,09,6,,0,1,0,0,0
"POINT (9.703109810000059 52.341233011999996)",Unfall 163396 (2022) Kat:3, Licht: 0,163396,3,7,7,10,07,6,,0,1,0,0,0
"POINT (9.825428946000050 52.295437021000097)",Unfall 163398 (2022) Kat:3, Licht: 0,163398,3,3,5,10,15,3,,0,0,1,0,0
"POINT (9.593915562000060 52.421084315000002)",Unfall 163408 (2022) Kat:3, Licht: 1,163408,3,3,5,11,16,5,,1,1,1,0,0
"POINT (9.744228694000070 52.388921887999999)",Unfall 163412 (2022) Kat:3, Licht: 0,163412,3,5,0,10,10,1,,0,1,1,0,0
"POINT (9.555665585000041 52.205538772000097)",Unfall 163414 (2022) Kat:3, Licht: 0,163414,3,6,2,10,09,2,,0,0,1,0,1
"POINT (9.554258668000051 52.207130614000100)",Unfall 163416 (2022) Kat:3, Licht: 0,163416,3,3,5,10,16,4,,0,0,1,0,0
"POINT (9.552156154000039 52.214818096000002)",Unfall 163422 (2022) Kat:2, Licht: 0,163422,2,3,5,10,11,5,,0,0,1,0,0
"POINT (9.722565487000050 52.387111632000000)",Unfall 163429 (2022) Kat:3, Licht: 0,163429,3,5,1,11,16,6,,0,1,1,0,0
"POINT (9.790568552000019 52.354212000000103)",Unfall 163431 (2022) Kat:3, Licht: 0,163431,3,7,9,11,13,3,,0,0,1,0,0
"POINT (9.706744579000031 52.433526454999999)",Unfall 163434 (2022) Kat:3, Licht: 0,163434,3,1,0,10,12,2,,0,1,0,0,0
"POINT (9.763414219000030 52.402101901999998)",Unfall 163437 (2022) Kat:3, Licht: 1,163437,3,1,0,11,16,5,,1,1,0,0,0
"POINT (9.802875871000030 52.416830902000100)",Unfall 163438 (2022) Kat:3, Licht: 0,163438,3,3,0,10,11,3,,0,0,1,0,1
"POINT (9.748499104000080 52.361798401999998)",Unfall 163442 (2022) Kat:3, Licht: 0,163442,3,3,5,10,10,4,,0,1,1,0,0
"POINT (9.763334513000069 52.356501959000099)",Unfall 163459 (2022) Kat:3, Licht: 2,163459,3,7,0,10,04,1,,2,1,0,0,0
"POINT (9.691062560000031 52.335970336000102)",Unfall 163463 (2022) Kat:2, Licht: 0,163463,2,4,0,10,09,1,,0,1,0,1,0
"POINT (9.929352783000070 52.346812552000102)",Unfall 163473 (2022) Kat:3, Licht: 0,163473,3,4,6,10,10,3,,0,0,1,1,0
"POINT (9.717269067000069 52.346372108000097)",Unfall 163475 (2022) Kat:3, Licht: 0,163475,3,2,5,10,16,6,,0,0,1,0,0
"POINT (9.726567755000080 52.322871360000100)",Unfall 163485 (2022) Kat:3, Licht: 0,163485,3,6,2,10,14,5,,0,0,1,0,0
"POINT (9.730801000000040 52.408017734000097)",Unfall 163492 (2022) Kat:3, Licht: 0,163492,3,5,1,11,06,5,,0,0,1,0,0
"POINT (9.469320289000050 52.426483282000000)",Unfall 163498 (2022) Kat:3, Licht: 0,163498,3,6,2,11,14,4,,0,1,0,0,0
"POINT (9.712603441000059 52.384984885000101)",Unfall 163499 (2022) Kat:3, Licht: 0,163499,3,3,5,11,10,7,,0,1,1,0,0
"POINT (9.616886355000080 52.357093909000099)",Unfall 163508 (2022) Kat:3, Licht: 0,163508,3,7,0,11,15,3,,0,1,0,0,0
"POINT (9.463650633000039 52.314442667000002)",Unfall 163523 (2022) Kat:2, Licht: 0,163523,2,7,0,10,12,5,,0,1,0,0,0
"POINT (9.751302381000070 52.433482276000099)",Unfall 163524 (2022) Kat:3, Licht: 0,163524,3,5,0,10,12,6,,0,1,1,0,0
"POINT (9.798990346000039 52.392248434000102)",Unfall 163526 (2022) Kat:3, Licht: 2,163526,3,6,2,10,19,6,,2,0,1,0,0
"POINT (9.746320755000060 52.354363833999997)",Unfall 163529 (2022) Kat:3, Licht: 0,163529,3,1,0,10,08,6,,0,1,0,0,0
"POINT (9.739233778000029 52.453054191000000)",Unfall 163539 (2022) Kat:3, Licht: 0,163539,3,6,3,10,16,2,,0,1,1,0,0
"POINT (9.663696877000060 52.380121234000100)",Unfall 163550 (2022) Kat:3, Licht: 0,163550,3,3,5,10,16,4,,0,1,1,0,0
"POINT (9.664361974000030 52.411840455000103)",Unfall 163565 (2022) Kat:3, Licht: 0,163565,3,3,5,11,12,5,,0,1,1,0,0
"POINT (9.751790378000070 52.373576705000097)",Unfall 163568 (2022) Kat:2, Licht: 0,163568,2,1,0,10,17,5,,0,1,0,0,0
"POINT (9.980808868000050 52.375823349000001)",Unfall 163575 (2022) Kat:3, Licht: 2,163575,3,6,0,10,18,2,,2,0,1,1,0
"POINT (9.773588400000049 52.335475004000003)",Unfall 163578 (2022) Kat:3, Licht: 0,163578,3,6,3,10,16,3,,0,1,0,0,0
"POINT (9.755262408000020 52.344335768000100)",Unfall 163587 (2022) Kat:3, Licht: 0,163587,3,6,0,11,09,5,,0,1,0,0,0
"POINT (9.663845257000050 52.366877681000098)",Unfall 163603 (2022) Kat:3, Licht: 0,163603,3,6,2,10,14,3,,0,1,1,0,0
"POINT (9.952307612000030 52.359686803999999)",Unfall 163613 (2022) Kat:3, Licht: 2,163613,3,7,2,10,18,3,,2,0,1,0,0
"POINT (9.753803835000040 52.351891147000103)",Unfall 163622 (2022) Kat:3, Licht: 0,163622,3,3,5,11,09,5,,0,1,0,0,0
"POINT (9.705917760000030 52.372033189000000)",Unfall 163627 (2022) Kat:3, Licht: 0,163627,3,3,5,11,11,4,,0,1,0,0,0
"POINT (9.738991956000060 52.303149323000099)",Unfall 163628 (2022) Kat:3, Licht: 0,163628,3,3,5,10,08,2,,0,1,1,0,0
"POINT (10.017360851999999 52.438078787999999)",Unfall 163649 (2022) Kat:3, Licht: 0,163649,3,6,2,10,12,6,,0,0,1,0,0
"POINT (9.727735598000040 52.361288363000000)",Unfall 163652 (2022) Kat:2, Licht: 0,163652,2,1,0,10,17,1,,0,0,0,0,1
"POINT (9.692172530000050 52.397252666999997)",Unfall 163655 (2022) Kat:3, Licht: 0,163655,3,3,5,10,16,7,,0,1,0,0,1
"POINT (10.001996091000001 52.313040418000099)",Unfall 163664 (2022) Kat:3, Licht: 0,163664,3,7,0,11,10,6,,0,1,0,0,0
"POINT (10.010124335000100 52.482756424000101)",Unfall 163667 (2022) Kat:3, Licht: 0,163667,3,1,0,11,13,2,,0,0,0,0,0
"POINT (9.716086890000041 52.388052854000101)",Unfall 163671 (2022) Kat:3, Licht: 0,163671,3,5,1,10,15,5,,0,0,1,0,0
"POINT (9.754349628000060 52.375622812000103)",Unfall 163687 (2022) Kat:3, Licht: 0,163687,3,5,1,11,07,3,,0,1,1,0,0
"POINT (9.686695479000040 52.417527559000099)",Unfall 163689 (2022) Kat:3, Licht: 0,163689,3,6,0,10,08,2,,0,0,1,0,0
"POINT (9.717132416000030 52.342721967999999)",Unfall 163696 (2022) Kat:3, Licht: 2,163696,3,7,6,10,00,1,,2,1,0,1,0
"POINT (9.677780066000031 52.415995391000102)",Unfall 163698 (2022) Kat:3, Licht: 2,163698,3,2,5,10,04,5,,2,1,1,0,0
"POINT (9.775266426000030 52.363533215000103)",Unfall 163706 (2022) Kat:3, Licht: 0,163706,3,2,5,12,10,6,,0,0,0,0,0
"POINT (9.815606070000060 52.319401840000097)",Unfall 163707 (2022) Kat:3, Licht: 2,163707,3,6,2,11,17,2,,2,0,1,0,0
"POINT (9.701338875000030 52.395879330000099)",Unfall 163720 (2022) Kat:3, Licht: 2,163720,3,3,5,12,23,3,,2,0,1,0,0
"POINT (9.446517353000051 52.423983577000101)",Unfall 163730 (2022) Kat:3, Licht: 2,163730,3,2,4,12,17,6,,2,1,1,0,0
"POINT (9.791083217000050 52.405364933000001)",Unfall 163731 (2022) Kat:3, Licht: 2,163731,3,6,2,11,17,3,,2,0,1,0,0
"POINT (9.676641050000059 52.377290246000001)",Unfall 163739 (2022) Kat:3, Licht: 1,163739,3,6,2,12,07,2,,1,0,1,0,0
"POINT (9.797113826000039 52.375903128000097)",Unfall 163740 (2022) Kat:3, Licht: 0,163740,3,1,0,11,09,6,,0,1,0,0,0
"POINT (9.761425857000059 52.273734654000101)",Unfall 163743 (2022) Kat:2, Licht: 0,163743,2,3,0,12,14,3,,0,0,0,0,0
"POINT (9.706811740000029 52.407822839000097)",Unfall 163746 (2022) Kat:3, Licht: 0,163746,3,3,5,11,11,4,,0,0,1,0,0
"POINT (9.667035502000029 52.372991616000000)",Unfall 163749 (2022) Kat:3, Licht: 0,163749,3,7,0,11,09,2,,0,0,0,0,0
"POINT (9.726198958000049 52.403696967000002)",Unfall 163754 (2022) Kat:3, Licht: 0,163754,3,1,0,11,12,4,,0,1,0,0,0
"POINT (9.734881917000051 52.380312394999997)",Unfall 163767 (2022) Kat:3, Licht: 1,163767,3,2,2,11,16,6,,1,0,1,0,0
"POINT (9.762753396000051 52.410685045000001)",Unfall 163775 (2022) Kat:3, Licht: 1,163775,3,6,2,11,16,5,,1,0,1,0,0
"POINT (9.733950823000040 52.309540895000097)",Unfall 163783 (2022) Kat:3, Licht: 2,163783,3,3,5,11,18,3,,2,1,1,0,0
"POINT (9.745954994000041 52.362183432999998)",Unfall 163788 (2022) Kat:3, Licht: 0,163788,3,4,0,12,13,6,,0,0,0,1,0
"POINT (9.768600054000050 52.394395531000001)",Unfall 163793 (2022) Kat:3, Licht: 0,163793,3,7,5,11,09,6,,0,0,1,0,0
"POINT (9.767704559000039 52.410329160000103)",Unfall 163795 (2022) Kat:3, Licht: 0,163795,3,2,4,12,08,3,,0,0,1,0,0
"POINT (9.792506763000061 52.396840484999998)",Unfall 163798 (2022) Kat:3, Licht: 2,163798,3,3,5,11,18,4,,2,0,1,0,0
"POINT (9.795492483000031 52.375468145000099)",Unfall 163799 (2022) Kat:3, Licht: 2,163799,3,4,6,12,07,3,,2,0,1,1,0
"POINT (9.597365028000070 52.397073116999998)",Unfall 163802 (2022) Kat:3, Licht: 0,163802,3,2,5,12,14,3,,0,1,1,0,0
"POINT (9.784771434000049 52.325854704999998)",Unfall 163803 (2022) Kat:3, Licht: 0,163803,3,3,5,12,14,5,,0,0,1,0,0
"POINT (9.737217936000039 52.370045969000003)",Unfall 163808 (2022) Kat:3, Licht: 2,163808,3,5,1,11,20,4,,2,0,1,0,0
"POINT (9.622841753000049 52.431512530000099)",Unfall 163810 (2022) Kat:3, Licht: 2,163810,3,6,2,11,19,1,,2,0,1,0,0
"POINT (9.975996703000019 52.378718022999998)",Unfall 163812 (2022) Kat:3, Licht: 0,163812,3,5,0,12,12,5,,0,1,1,0,0
"POINT (9.761075673000050 52.363556144000000)",Unfall 163815 (2022) Kat:3, Licht: 0,163815,3,7,0,12,13,1,,0,1,0,0,0
"POINT (9.609342830000060 52.446910103999997)",Unfall 163821 (2022) Kat:3, Licht: 2,163821,3,3,5,11,21,3,,2,1,1,0,0
"POINT (9.552341176000031 52.209291651999997)",Unfall 163824 (2022) Kat:3, Licht: 0,163824,3,7,0,12,10,6,,0,0,1,0,1
"POINT (9.808630154000070 52.404027356000000)",Unfall 163825 (2022) Kat:3, Licht: 1,163825,3,2,3,11,07,3,,1,0,1,0,1
"POINT (9.747098245000069 52.324065257000001)",Unfall 163835 (2022) Kat:3, Licht: 2,163835,3,6,2,12,17,2,,2,0,1,0,0
"POINT (10.024062204000099 52.437777898000000)",Unfall 163851 (2022) Kat:3, Licht: 0,163851,3,7,9,11,07,7,,0,0,1,0,0
"POINT (9.754689361000031 52.446583382000000)",Unfall 163854 (2022) Kat:3, Licht: 0,163854,3,6,2,11,10,2,,0,0,1,0,0
"POINT (9.758710666000070 52.365978349999999)",Unfall 163855 (2022) Kat:3, Licht: 2,163855,3,3,5,11,06,6,,2,1,1,0,0
"POINT (9.759005478000059 52.361947944000100)",Unfall 163864 (2022) Kat:3, Licht: 2,163864,3,1,0,12,21,1,,2,1,0,0,0
"POINT (9.671455878000071 52.365092945000100)",Unfall 163871 (2022) Kat:2, Licht: 2,163871,2,4,6,12,18,3,,2,0,1,1,0
"POINT (9.729274703000041 52.390715441000097)",Unfall 163878 (2022) Kat:3, Licht: 0,163878,3,3,5,12,09,6,,0,1,1,0,0
"POINT (9.462144070000020 52.504991570000101)",Unfall 163880 (2022) Kat:3, Licht: 0,163880,3,6,1,12,15,6,,0,1,1,0,0
"POINT (9.713788255000050 52.343746978000098)",Unfall 163882 (2022) Kat:3, Licht: 0,163882,3,7,0,11,12,4,,0,0,0,0,0
"POINT (10.113953048999999 52.354287338000098)",Unfall 163883 (2022) Kat:3, Licht: 2,163883,3,1,8,12,23,3,,2,0,1,0,0
"POINT (9.705098722000059 52.374268244000099)",Unfall 163886 (2022) Kat:3, Licht: 1,163886,3,7,0,11,07,5,,1,1,0,0,0
"POINT (9.729947376000039 52.543899458000098)",Unfall 163889 (2022) Kat:3, Licht: 0,163889,3,7,0,11,11,1,,0,1,0,0,0
"POINT (9.465086419000039 52.504117500000099)",Unfall 163896 (2022) Kat:3, Licht: 0,163896,3,6,2,11,12,6,,0,0,1,0,0
"POINT (9.766027189000059 52.381987643999999)",Unfall 163907 (2022) Kat:3, Licht: 2,163907,3,2,5,11,07,6,,2,1,1,0,0
"POINT (9.730082865000041 52.549049206000099)",Unfall 163914 (2022) Kat:3, Licht: 0,163914,3,5,2,12,10,4,,0,0,1,0,0
"POINT (9.731203158000030 52.378712931999999)",Unfall 163921 (2022) Kat:3, Licht: 0,163921,3,2,5,11,14,4,,0,1,1,0,0
"POINT (9.853617484000040 52.363772677999997)",Unfall 163929 (2022) Kat:3, Licht: 2,163929,3,7,0,11,07,3,,2,1,0,0,0
"POINT (9.662546833000020 52.345426252000003)",Unfall 163936 (2022) Kat:3, Licht: 0,163936,3,3,5,12,16,3,,0,0,1,0,0
"POINT (9.727130316000061 52.439898878000101)",Unfall 163938 (2022) Kat:2, Licht: 0,163938,2,7,0,11,10,7,,0,1,0,0,0
"POINT (9.721159836000030 52.390387300999997)",Unfall 163941 (2022) Kat:2, Licht: 2,163941,2,6,6,12,19,4,,2,1,0,1,0
"POINT (9.739458230000031 52.380822588999997)",Unfall 163947 (2022) Kat:3, Licht: 2,163947,3,2,5,12,18,3,,2,1,1,0,0
"POINT (9.689452151000070 52.349547524000101)",Unfall 163948 (2022) Kat:3, Licht: 2,163948,3,1,8,11,03,4,,2,0,1,0,0
"POINT (9.759206322000070 52.361684369000002)",Unfall 163949 (2022) Kat:2, Licht: 1,163949,2,2,6,12,16,1,,1,0,1,1,0
"POINT (9.747654370000021 52.439830086000001)",Unfall 163950 (2022) Kat:3, Licht: 0,163950,3,3,5,11,08,3,,0,1,1,0,0
"POINT (9.641194099000071 52.397447796999998)",Unfall 163958 (2022) Kat:3, Licht: 0,163958,3,7,6,12,15,7,,0,0,1,1,0
"POINT (9.750878581000050 52.375558802999997)",Unfall 163969 (2022) Kat:3, Licht: 0,163969,3,2,5,11,15,6,,0,1,1,0,0
"POINT (9.462160750000070 52.506740505000003)",Unfall 163972 (2022) Kat:3, Licht: 2,163972,3,2,6,11,20,7,,2,0,1,1,0
"POINT (9.747297999000070 52.385447145000100)",Unfall 163973 (2022) Kat:3, Licht: 1,163973,3,3,1,11,15,4,,1,1,0,0,0
"POINT (9.728177575000069 52.559244939999999)",Unfall 163976 (2022) Kat:3, Licht: 0,163976,3,2,0,11,13,2,,0,1,1,0,0
"POINT (9.965983162000040 52.312719917000003)",Unfall 163977 (2022) Kat:3, Licht: 0,163977,3,3,5,12,10,3,,0,1,1,0,0
"POINT (9.597402880000059 52.419346737000097)",Unfall 163979 (2022) Kat:3, Licht: 0,163979,3,4,6,12,12,6,,0,0,1,1,0
"POINT (9.736948919000040 52.376486854000099)",Unfall 163990 (2022) Kat:3, Licht: 2,163990,3,6,2,11,20,2,,2,0,1,0,0
"POINT (9.765232234000051 52.367023949000000)",Unfall 163992 (2022) Kat:3, Licht: 2,163992,3,5,1,11,19,5,,2,0,1,0,0
"POINT (9.600229018000050 52.421313484000102)",Unfall 163993 (2022) Kat:3, Licht: 1,163993,3,2,5,12,16,5,,1,0,1,1,0
"POINT (9.742452784000021 52.542554373000002)",Unfall 163995 (2022) Kat:3, Licht: 0,163995,3,7,0,11,10,7,,0,1,0,0,0
"POINT (9.744813345000070 52.372304225000100)",Unfall 163997 (2022) Kat:3, Licht: 2,163997,3,4,6,12,17,7,,2,0,1,1,0
"POINT (9.763153967000051 52.395164931000103)",Unfall 163998 (2022) Kat:3, Licht: 2,163998,3,6,2,12,19,2,,2,1,1,0,0
"POINT (10.005409068000100 52.447657303000000)",Unfall 164002 (2022) Kat:3, Licht: 0,164002,3,3,5,12,15,2,,0,1,0,0,0
"POINT (9.736363792000081 52.395355702000103)",Unfall 164004 (2022) Kat:3, Licht: 0,164004,3,2,5,11,15,5,,0,1,1,0,0
"POINT (9.725042533000019 52.426242473000102)",Unfall 164008 (2022) Kat:3, Licht: 0,164008,3,7,0,11,09,4,,0,1,1,0,0