WKT,Name,OBJECTID,UKATEGORIE,UTYP1,UART,UMONAT,USTUNDE,UWOCHENTAG,STRZUSTAND,ULICHTVERH,ISTRAD,ISTPKW,ISTFUSS,ISTKRAD
"POINT (9.757548366000041 52.366070211000100)",Unfall 164011 (2022) Kat:3, Licht: 1,164011,3,5,4,12,16,6,,1,1,1,0,0
"POINT (9.758749762000040 52.364545540999998)",Unfall 164015 (2022) Kat:3, Licht: 0,164015,3,6,4,11,16,4,,0,1,1,0,0
"POINT (9.709765248000050 52.372660844999999)",Unfall 164021 (2022) Kat:3, Licht: 0,164021,3,6,3,12,14,6,,0,1,0,0,0
"POINT (9.736436009000039 52.377797106999999)",Unfall 164026 (2022) Kat:3, Licht: 2,164026,3,4,6,11,06,4,,2,0,0,1,1
"POINT (9.816887034000050 52.319631721000100)",Unfall 164030 (2022) Kat:3, Licht: 2,164030,3,3,5,12,20,3,,2,0,1,0,0
"POINT (9.723709994000050 52.368491894999998)",Unfall 164038 (2022) Kat:3, Licht: 0,164038,3,5,1,11,14,4,,0,1,1,0,0
"POINT (9.806935809000040 52.388817496999998)",Unfall 164044 (2022) Kat:3, Licht: 0,164044,3,6,2,11,10,3,,0,0,1,0,1
"POINT (9.834029298000081 52.356315273000099)",Unfall 164048 (2022) Kat:3, Licht: 2,164048,3,7,0,12,16,4,,2,1,0,0,0
"POINT (9.730949173000059 52.395001132000097)",Unfall 164050 (2022) Kat:3, Licht: 1,164050,3,3,5,11,07,5,,1,1,1,0,0
"POINT (9.715161736000031 52.371783827000101)",Unfall 164060 (2022) Kat:3, Licht: 2,164060,3,3,0,11,18,5,,2,0,1,0,0
"POINT (9.614247071000021 52.419469869000103)",Unfall 164061 (2022) Kat:3, Licht: 2,164061,3,3,5,12,22,3,,2,0,1,0,0
"POINT (9.733508556000061 52.299920974000003)",Unfall 164063 (2022) Kat:3, Licht: 0,164063,3,4,6,12,15,4,,0,1,0,1,0
"POINT (9.713399843000049 52.371409776000100)",Unfall 164064 (2022) Kat:3, Licht: 0,164064,3,1,0,11,11,3,,0,1,0,0,0
"POINT (9.806290162000041 52.417207793000003)",Unfall 164071 (2022) Kat:3, Licht: 1,164071,3,2,0,11,06,5,,1,1,1,0,0
"POINT (9.731881757000050 52.377484106000097)",Unfall 164072 (2022) Kat:3, Licht: 2,164072,3,5,1,12,23,7,,2,0,1,0,0
"POINT (9.497546553000060 52.282016867999999)",Unfall 164075 (2022) Kat:3, Licht: 0,164075,3,2,5,11,13,7,,0,0,1,0,0
"POINT (9.594488338000080 52.421006589000100)",Unfall 164085 (2022) Kat:3, Licht: 0,164085,3,3,6,11,12,6,,0,0,1,1,0
"POINT (9.676281572000050 52.365537310999997)",Unfall 164089 (2022) Kat:3, Licht: 0,164089,3,5,1,11,12,6,,0,0,1,0,0
"POINT (9.741066797000030 52.411286332000003)",Unfall 164094 (2022) Kat:3, Licht: 0,164094,3,4,6,12,15,2,,0,0,1,1,0
"POINT (9.756627409000030 52.340734202000100)",Unfall 164096 (2022) Kat:2, Licht: 0,164096,2,2,5,12,09,6,,0,1,1,0,0
"POINT (9.487557123000039 52.290725376000097)",Unfall 164100 (2022) Kat:3, Licht: 0,164100,3,3,5,11,12,5,,0,0,1,0,0
"POINT (9.754102005000050 52.379340539000097)",Unfall 164101 (2022) Kat:3, Licht: 2,164101,3,2,6,12,07,3,,2,0,1,1,0
"POINT (9.805435754000030 52.317822476000103)",Unfall 164107 (2022) Kat:3, Licht: 2,164107,3,6,2,12,17,5,,2,0,1,0,0
"POINT (9.606824842000041 52.416503612000000)",Unfall 164109 (2022) Kat:3, Licht: 1,164109,3,6,4,12,08,6,,1,1,0,0,0
"POINT (9.855390658000029 52.436807186000102)",Unfall 164115 (2022) Kat:3, Licht: 1,164115,3,3,0,12,07,6,,1,1,0,0,0
"POINT (9.765725611000050 52.333090727000098)",Unfall 164118 (2022) Kat:3, Licht: 2,164118,3,7,0,12,22,7,,2,1,0,0,0
"POINT (9.717074475000061 52.337220969999997)",Unfall 164119 (2022) Kat:3, Licht: 2,164119,3,2,2,12,16,6,,2,0,1,0,0
"POINT (9.739720219000050 52.365527145999998)",Unfall 164125 (2022) Kat:3, Licht: 2,164125,3,6,4,11,22,2,,2,1,0,1,0
"POINT (9.761129273000050 52.365887513000096)",Unfall 164127 (2022) Kat:3, Licht: 0,164127,3,3,5,12,08,6,,0,1,1,0,0
"POINT (9.847603539000030 52.362848717000098)",Unfall 164131 (2022) Kat:3, Licht: 0,164131,3,7,0,11,15,7,,0,1,0,0,0
"POINT (9.814969631000050 52.307823056000103)",Unfall 164147 (2022) Kat:3, Licht: 2,164147,3,1,0,12,21,6,,2,0,0,0,1
"POINT (9.774118948000019 52.398198020999999)",Unfall 164151 (2022) Kat:3, Licht: 2,164151,3,6,3,11,17,5,,2,1,0,0,0
"POINT (9.764383362000050 52.261666701000102)",Unfall 164155 (2022) Kat:2, Licht: 1,164155,2,3,5,11,16,3,,1,1,1,0,0
"POINT (9.726835760000030 52.385144734999997)",Unfall 164158 (2022) Kat:3, Licht: 1,164158,3,5,1,11,16,2,,1,1,1,0,0
"POINT (9.697304349000040 52.413662764999998)",Unfall 164160 (2022) Kat:3, Licht: 2,164160,3,2,5,12,17,3,,2,1,1,0,0
"POINT (9.756352557000071 52.390635229000097)",Unfall 164162 (2022) Kat:2, Licht: 0,164162,2,3,5,11,15,7,,0,0,1,1,0
"POINT (10.012286444000001 52.447465944999998)",Unfall 164165 (2022) Kat:3, Licht: 2,164165,3,1,0,12,19,4,,2,1,0,0,0
"POINT (9.663489083000060 52.410615538000101)",Unfall 164169 (2022) Kat:3, Licht: 2,164169,3,2,5,12,17,2,,2,1,1,0,0
"POINT (9.753465456000070 52.378278201999997)",Unfall 164171 (2022) Kat:3, Licht: 0,164171,3,7,0,12,15,3,,0,0,1,0,1
"POINT (9.738249590000070 52.447729536000097)",Unfall 164173 (2022) Kat:3, Licht: 0,164173,3,3,5,12,13,2,,0,1,1,0,0
"POINT (9.754820215000050 52.361905806000003)",Unfall 164174 (2022) Kat:3, Licht: 2,164174,3,2,5,11,19,3,,2,1,1,0,0
"POINT (9.421826509000031 52.331536730000003)",Unfall 164181 (2022) Kat:3, Licht: 2,164181,3,2,4,12,07,2,,2,1,1,0,0
"POINT (9.820898124000051 52.350838367999998)",Unfall 164184 (2022) Kat:3, Licht: 0,164184,3,3,5,12,08,2,,0,1,1,0,0
"POINT (9.704663517000030 52.374419926000002)",Unfall 164195 (2022) Kat:3, Licht: 2,164195,3,1,0,12,16,7,,2,1,0,0,0
"POINT (9.808644746000031 52.309197445999999)",Unfall 164199 (2022) Kat:3, Licht: 2,164199,3,7,0,12,17,6,,2,0,1,0,0
"POINT (9.719622793000040 52.366793913999999)",Unfall 164208 (2022) Kat:3, Licht: 0,164208,3,7,0,11,14,6,,0,1,0,0,0
"POINT (9.736727151000030 52.412541463000103)",Unfall 164214 (2022) Kat:3, Licht: 2,164214,3,3,5,11,18,2,,2,1,1,0,0
"POINT (9.720737924000050 52.346598949000096)",Unfall 164221 (2022) Kat:2, Licht: 0,164221,2,3,5,11,13,7,,0,1,1,0,0
"POINT (9.739334397000050 52.376902766999997)",Unfall 164224 (2022) Kat:3, Licht: 2,164224,3,2,6,12,19,2,,2,1,0,1,0
"POINT (9.782263928000081 52.329127222000103)",Unfall 164234 (2022) Kat:3, Licht: 2,164234,3,2,3,12,18,6,,2,1,1,0,0
"POINT (9.600721169000050 52.437816900000001)",Unfall 164239 (2022) Kat:2, Licht: 0,164239,2,3,5,11,12,2,,0,1,1,0,0
"POINT (9.812285941000029 52.400979710000101)",Unfall 164246 (2022) Kat:3, Licht: 2,164246,3,3,5,12,16,7,,2,0,1,0,0
"POINT (9.763829685000079 52.398147005000098)",Unfall 164258 (2022) Kat:3, Licht: 2,164258,3,1,0,11,17,6,,2,1,0,0,0
"POINT (9.785552361000040 52.408634925000101)",Unfall 164261 (2022) Kat:3, Licht: 0,164261,3,3,0,11,09,7,,0,1,0,1,0
"POINT (9.830030402000030 52.421063065000098)",Unfall 164264 (2022) Kat:3, Licht: 0,164264,3,3,5,12,11,3,,0,0,1,0,0
"POINT (9.990518652000050 52.412311150999997)",Unfall 164266 (2022) Kat:3, Licht: 1,164266,3,1,0,11,08,2,,1,1,0,0,0
"POINT (9.745115914000049 52.461695506000098)",Unfall 164268 (2022) Kat:3, Licht: 0,164268,3,6,3,11,08,5,,0,1,1,0,0
"POINT (9.613995407000060 52.408664768000101)",Unfall 164276 (2022) Kat:3, Licht: 2,164276,3,7,0,12,17,7,,2,1,0,0,0
"POINT (9.689589229000029 52.349127127000003)",Unfall 164277 (2022) Kat:3, Licht: 2,164277,3,6,2,11,18,3,,2,0,1,0,0
"POINT (9.450705689000070 52.418263154000002)",Unfall 164287 (2022) Kat:3, Licht: 0,164287,3,3,5,12,15,6,,0,1,0,0,0
"POINT (9.770804955000070 52.287200675000101)",Unfall 164293 (2022) Kat:3, Licht: 2,164293,3,5,1,12,17,6,,2,0,1,0,0
"POINT (9.593331570000030 52.446434244000002)",Unfall 164297 (2022) Kat:3, Licht: 0,164297,3,3,5,11,12,1,,0,0,1,0,0
"POINT (9.739472647000071 52.380833723000102)",Unfall 164305 (2022) Kat:3, Licht: 0,164305,3,2,4,11,12,6,,0,1,1,0,0
"POINT (9.744225667000020 52.373284339000101)",Unfall 164312 (2022) Kat:3, Licht: 0,164312,3,7,2,11,13,7,,0,1,1,0,0
"POINT (9.821389359000021 52.346099230999997)",Unfall 164317 (2022) Kat:3, Licht: 2,164317,3,6,2,11,17,6,,2,0,1,0,0
"POINT (9.822746594000019 52.400372185000002)",Unfall 164321 (2022) Kat:3, Licht: 2,164321,3,5,1,11,16,6,,2,0,1,0,0
"POINT (9.739975118000070 52.366965555000000)",Unfall 164329 (2022) Kat:2, Licht: 2,164329,2,4,6,11,17,4,,2,0,1,1,0
"POINT (9.777409988000040 52.410226104000103)",Unfall 164331 (2022) Kat:3, Licht: 0,164331,3,6,2,11,16,3,,0,0,1,0,0
"POINT (9.786936996000071 52.393864395999998)",Unfall 164333 (2022) Kat:3, Licht: 2,164333,3,3,5,12,17,3,,2,1,1,0,0
"POINT (9.576279449000030 52.275064246000099)",Unfall 164340 (2022) Kat:2, Licht: 1,164340,2,7,6,11,16,3,,1,0,1,1,0
"POINT (9.737514681000050 52.372308330000102)",Unfall 164346 (2022) Kat:3, Licht: 2,164346,3,7,4,11,18,2,,2,1,1,0,0
"POINT (9.463670960000060 52.303742061999998)",Unfall 164347 (2022) Kat:3, Licht: 0,164347,3,3,5,11,13,7,,0,1,1,0,0
"POINT (9.678225014000081 52.395652919000000)",Unfall 164355 (2022) Kat:3, Licht: 2,164355,3,4,6,11,19,1,,2,0,1,1,0
"POINT (9.855986604000069 52.395676421000097)",Unfall 164356 (2022) Kat:3, Licht: 0,164356,3,1,0,11,09,6,,0,1,0,0,0
"POINT (9.733765831000030 52.379729720000100)",Unfall 164358 (2022) Kat:3, Licht: 2,164358,3,7,3,12,20,5,,2,0,1,0,0
"POINT (9.738187423000060 52.434952956000103)",Unfall 164359 (2022) Kat:3, Licht: 0,164359,3,3,5,12,12,7,,0,1,1,0,0
"POINT (9.699039339000020 52.347887550999999)",Unfall 164374 (2022) Kat:3, Licht: 2,164374,3,6,2,12,17,4,,2,0,1,0,0
"POINT (9.744018999000049 52.372035449000101)",Unfall 164377 (2022) Kat:3, Licht: 0,164377,3,7,0,11,11,6,,0,1,0,0,0
"POINT (9.720274821000030 52.394508368000103)",Unfall 164384 (2022) Kat:3, Licht: 2,164384,3,1,0,11,17,3,,2,1,0,0,0
"POINT (9.709480930000041 52.343900738999999)",Unfall 164389 (2022) Kat:3, Licht: 1,164389,3,3,5,11,16,3,,1,0,1,0,0
"POINT (9.448995699000021 52.421842995000098)",Unfall 164390 (2022) Kat:3, Licht: 2,164390,3,6,0,12,22,6,,2,0,1,1,0
"POINT (9.694115557000030 52.352763679000098)",Unfall 164392 (2022) Kat:3, Licht: 1,164392,3,6,2,12,08,5,,1,0,1,0,0
"POINT (9.779822044000070 52.361800633000001)",Unfall 164396 (2022) Kat:3, Licht: 0,164396,3,6,4,12,09,3,,0,0,1,0,0
"POINT (9.677762945000040 52.416055079000003)",Unfall 164398 (2022) Kat:3, Licht: 0,164398,3,3,5,11,09,7,,0,0,1,0,0
"POINT (9.754491485000070 52.345347152000002)",Unfall 164407 (2022) Kat:3, Licht: 2,164407,3,7,0,12,21,3,,2,1,0,0,0
"POINT (9.666372593000061 52.414484971000000)",Unfall 164412 (2022) Kat:3, Licht: 2,164412,3,7,0,12,21,3,,2,0,0,1,0
"POINT (9.732017407000059 52.389605698000103)",Unfall 164417 (2022) Kat:3, Licht: 1,164417,3,6,2,12,15,6,,1,0,1,0,0
"POINT (9.670635526000069 52.358437967000000)",Unfall 164420 (2022) Kat:3, Licht: 0,164420,3,2,3,11,14,2,,0,1,1,0,0
"POINT (9.766281095000069 52.418422988000003)",Unfall 164428 (2022) Kat:3, Licht: 0,164428,3,3,5,11,10,6,,0,1,1,0,0
"POINT (9.756646139000051 52.340738182999999)",Unfall 164436 (2022) Kat:3, Licht: 2,164436,3,2,6,11,07,2,,2,0,1,1,0
"POINT (9.739446188000040 52.380994599000097)",Unfall 164443 (2022) Kat:3, Licht: 2,164443,3,7,0,11,21,7,,2,0,0,0,0
"POINT (9.733733430000029 52.362111846000097)",Unfall 164445 (2022) Kat:3, Licht: 2,164445,3,4,6,12,21,7,,2,0,1,1,0
"POINT (9.621884141000070 52.439737332000000)",Unfall 164463 (2022) Kat:3, Licht: 1,164463,3,7,8,12,15,5,,1,1,0,0,0
"POINT (9.749190105000030 52.390188590999998)",Unfall 164471 (2022) Kat:3, Licht: 0,164471,3,3,5,11,15,2,,0,1,1,0,0
"POINT (9.710843680000041 52.372292156000100)",Unfall 164479 (2022) Kat:2, Licht: 0,164479,2,1,0,12,08,3,,0,1,0,0,0
"POINT (9.684175197000060 52.366303090000002)",Unfall 164483 (2022) Kat:3, Licht: 2,164483,3,3,5,12,16,3,,2,0,1,0,0
"POINT (9.744434147000050 52.452916607000098)",Unfall 164489 (2022) Kat:3, Licht: 0,164489,3,2,5,12,12,4,,0,0,1,0,0
"POINT (9.712653612000050 52.375228736000103)",Unfall 164492 (2022) Kat:3, Licht: 0,164492,3,7,6,11,13,4,,0,0,1,1,0
"POINT (9.364253429000030 52.456591103999997)",Unfall 164494 (2022) Kat:3, Licht: 0,164494,3,5,1,11,13,1,,0,0,1,0,0
"POINT (9.699551567000070 52.391624007000097)",Unfall 164498 (2022) Kat:3, Licht: 0,164498,3,4,6,11,09,3,,0,0,1,1,0
"POINT (9.724993384000070 52.397718484999999)",Unfall 164500 (2022) Kat:3, Licht: 2,164500,3,3,5,12,19,3,,2,1,1,0,0
"POINT (9.708849048000051 52.370480083000103)",Unfall 164513 (2022) Kat:3, Licht: 0,164513,3,4,6,11,16,2,,0,1,0,1,0
"POINT (9.736754364000030 52.412476933999997)",Unfall 164519 (2022) Kat:3, Licht: 2,164519,3,2,5,12,05,5,,2,0,1,0,0
"POINT (9.739692873000021 52.381228640000103)",Unfall 164530 (2022) Kat:3, Licht: 2,164530,3,3,5,12,20,4,,2,1,1,0,0
"POINT (9.458852413000050 52.499925470999997)",Unfall 164531 (2022) Kat:3, Licht: 2,164531,3,3,5,11,16,3,,2,0,1,0,0
"POINT (10.102469620000001 52.378840783000001)",Unfall 164533 (2022) Kat:3, Licht: 2,164533,3,7,0,12,05,2,,2,1,0,0,0
"POINT (9.731949037000049 52.375797345000102)",Unfall 164536 (2022) Kat:2, Licht: 2,164536,2,7,6,12,23,3,,2,0,0,1,0
"POINT (9.815825781000060 52.395887854000101)",Unfall 164539 (2022) Kat:3, Licht: 2,164539,3,2,2,11,16,4,,2,0,1,0,0
"POINT (9.717197361000050 52.345033510000100)",Unfall 164542 (2022) Kat:3, Licht: 2,164542,3,4,6,11,18,6,,2,0,0,1,0
"POINT (9.692248257000070 52.398139070000099)",Unfall 164548 (2022) Kat:3, Licht: 0,164548,3,2,6,12,11,4,,0,0,1,1,0
"POINT (9.740270174000051 52.412305809000003)",Unfall 164552 (2022) Kat:3, Licht: 0,164552,3,2,3,12,12,2,,0,1,1,0,0
"POINT (9.728327156000031 52.376705291000100)",Unfall 164555 (2022) Kat:3, Licht: 1,164555,3,1,0,11,07,4,,1,0,0,0,0
"POINT (9.458354059000040 52.498508887000099)",Unfall 164558 (2022) Kat:3, Licht: 1,164558,3,3,5,11,07,5,,1,1,1,0,0
"POINT (9.721045551000030 52.361692483000098)",Unfall 164563 (2022) Kat:3, Licht: 0,164563,3,1,0,12,14,7,,0,1,0,0,0
"POINT (9.668951308000031 52.343780841000097)",Unfall 164572 (2022) Kat:3, Licht: 0,164572,3,5,5,11,15,2,,0,0,1,0,0
"POINT (9.820259470000050 52.402912223000001)",Unfall 164573 (2022) Kat:3, Licht: 2,164573,3,5,1,11,00,1,,2,0,1,0,0
"POINT (9.665149396000061 52.446034530000098)",Unfall 164574 (2022) Kat:3, Licht: 0,164574,3,7,1,12,14,6,,0,0,1,0,0
"POINT (9.465259746000070 52.504137348000000)",Unfall 164578 (2022) Kat:2, Licht: 2,164578,2,1,0,11,17,7,,2,0,0,0,1
"POINT (9.651276186000080 52.312942020000001)",Unfall 164587 (2022) Kat:3, Licht: 1,164587,3,7,0,12,15,6,,1,0,1,0,0
"POINT (9.770483883000050 52.353505433000102)",Unfall 164591 (2022) Kat:3, Licht: 0,164591,3,3,0,11,10,1,,0,1,1,0,0
"POINT (9.820107918000080 52.353213128000000)",Unfall 164594 (2022) Kat:3, Licht: 2,164594,3,7,0,11,17,7,,2,0,0,0,1
"POINT (9.785803381000051 52.398033112000100)",Unfall 164604 (2022) Kat:3, Licht: 0,164604,3,3,5,12,08,4,,0,0,1,0,0
"POINT (9.781476233000030 52.411874999000098)",Unfall 164609 (2022) Kat:2, Licht: 0,164609,2,4,6,11,12,4,,0,0,1,1,0
"POINT (9.834059834000071 52.339175590000103)",Unfall 164614 (2022) Kat:3, Licht: 2,164614,3,4,6,12,07,4,,2,0,1,1,0
"POINT (9.526078734000070 52.510849248000099)",Unfall 164616 (2022) Kat:3, Licht: 0,164616,3,2,5,12,12,4,,0,0,1,0,0
"POINT (9.740599956000040 52.364784995000001)",Unfall 164617 (2022) Kat:3, Licht: 0,164617,3,3,0,11,09,3,,0,1,1,0,0
"POINT (9.742740949000050 52.378178317000000)",Unfall 164627 (2022) Kat:3, Licht: 1,164627,3,4,6,11,00,7,,1,0,1,1,0
"POINT (9.701066338000031 52.366326190000102)",Unfall 164630 (2022) Kat:3, Licht: 0,164630,3,3,5,12,14,4,,0,1,1,0,0
"POINT (9.988787535000030 52.462221841000002)",Unfall 164635 (2022) Kat:3, Licht: 0,164635,3,7,0,11,11,7,,0,1,0,0,0
"POINT (9.734087598000031 52.381271605000101)",Unfall 164636 (2022) Kat:3, Licht: 2,164636,3,3,5,12,17,3,,2,0,1,0,0
"POINT (9.593915905000070 52.421102294000001)",Unfall 164638 (2022) Kat:3, Licht: 0,164638,3,3,5,12,12,2,,0,1,1,0,0
"POINT (9.821585251000039 52.394146735000000)",Unfall 164639 (2022) Kat:3, Licht: 0,164639,3,1,0,11,09,3,,0,0,0,0,0
"POINT (9.773279007000040 52.335388090999999)",Unfall 164644 (2022) Kat:3, Licht: 0,164644,3,7,0,11,12,4,,0,1,0,0,0
"POINT (9.728222709000020 52.389837362000002)",Unfall 164645 (2022) Kat:3, Licht: 0,164645,3,7,0,12,09,7,,0,0,0,0,0
"POINT (9.669537809000079 52.397241534999999)",Unfall 164651 (2022) Kat:3, Licht: 2,164651,3,1,0,12,07,2,,2,1,0,0,0
"POINT (9.719525235000051 52.330696062000101)",Unfall 164655 (2022) Kat:3, Licht: 0,164655,3,7,0,12,11,2,,0,1,0,0,0
"POINT (9.704257956000051 52.341372773000003)",Unfall 164666 (2022) Kat:2, Licht: 0,164666,2,2,0,12,14,2,,0,0,1,0,0
"POINT (10.202696999000100 52.463996075000097)",Unfall 164667 (2022) Kat:3, Licht: 0,164667,3,3,5,12,13,6,,0,1,1,0,0
"POINT (10.012660921000100 52.449917605000103)",Unfall 164671 (2022) Kat:3, Licht: 2,164671,3,2,3,12,05,6,,2,1,0,0,0
"POINT (9.841853503000040 52.301422361999997)",Unfall 164674 (2022) Kat:3, Licht: 2,164674,3,3,5,12,07,3,,2,1,1,0,0
"POINT (9.705874136000030 52.373997363999997)",Unfall 164688 (2022) Kat:3, Licht: 0,164688,3,1,0,11,10,4,,0,1,0,0,0
"POINT (9.756017687000050 52.366858562000097)",Unfall 164689 (2022) Kat:3, Licht: 2,164689,3,1,0,12,16,1,,2,1,0,0,0
"POINT (9.755122021000030 52.391387741000102)",Unfall 164691 (2022) Kat:3, Licht: 0,164691,3,6,3,11,08,5,,0,0,1,0,0
"POINT (9.734196596000061 52.374363303999999)",Unfall 164693 (2022) Kat:2, Licht: 2,164693,2,1,0,12,18,5,,2,1,0,0,0
"POINT (9.744359007000069 52.452735404000101)",Unfall 164705 (2022) Kat:3, Licht: 0,164705,3,2,6,11,15,2,,0,0,0,1,0
"POINT (9.734876097000040 52.385320053000001)",Unfall 164723 (2022) Kat:2, Licht: 0,164723,2,1,9,11,08,6,,0,1,0,0,0
"POINT (9.795787787000050 52.321474444000003)",Unfall 164726 (2022) Kat:3, Licht: 0,164726,3,6,2,11,14,7,,0,0,1,0,0
"POINT (9.705196686000020 52.409828910999998)",Unfall 164727 (2022) Kat:3, Licht: 0,164727,3,3,5,11,09,4,,0,0,1,0,0
"POINT (9.765386287000069 52.378117702000097)",Unfall 164731 (2022) Kat:3, Licht: 0,164731,3,3,5,12,12,3,,0,0,1,0,0
"POINT (9.705265993000070 52.409707435000001)",Unfall 164737 (2022) Kat:3, Licht: 0,164737,3,3,5,12,11,2,,0,1,1,0,0
"POINT (9.732313844000030 52.379101136000003)",Unfall 164738 (2022) Kat:3, Licht: 2,164738,3,6,2,11,19,1,,2,0,1,0,0
"POINT (9.762794764000031 52.414415664000003)",Unfall 164743 (2022) Kat:3, Licht: 2,164743,3,6,4,11,23,5,,2,0,1,0,0
"POINT (9.773253735000029 52.397960368000000)",Unfall 164747 (2022) Kat:3, Licht: 2,164747,3,6,2,12,17,4,,2,0,1,0,0
"POINT (9.745560711000049 52.378884802000101)",Unfall 164754 (2022) Kat:3, Licht: 0,164754,3,7,0,11,09,2,,0,1,0,0,0
"POINT (9.745411689000040 52.413254213000101)",Unfall 164761 (2022) Kat:3, Licht: 0,164761,3,1,0,11,15,6,,0,1,0,0,0
"POINT (9.763560091000040 52.368972293000098)",Unfall 164784 (2022) Kat:3, Licht: 2,164784,3,2,5,11,17,3,,2,1,1,0,0
"POINT (9.740143979000040 52.369142463000102)",Unfall 164790 (2022) Kat:3, Licht: 2,164790,3,6,0,12,19,6,,2,1,1,0,0
"POINT (9.602602036000061 52.416885400000098)",Unfall 164794 (2022) Kat:3, Licht: 2,164794,3,2,5,11,08,7,,2,1,0,0,0
"POINT (9.702999968000031 52.368937695000099)",Unfall 164798 (2022) Kat:3, Licht: 2,164798,3,6,3,11,18,3,,2,1,1,0,0
"POINT (9.732487643000070 52.379166477000098)",Unfall 164801 (2022) Kat:3, Licht: 2,164801,3,3,5,12,18,6,,2,1,1,0,0
"POINT (9.744055129000060 52.379032582999997)",Unfall 164804 (2022) Kat:3, Licht: 0,164804,3,7,0,11,14,3,,0,1,0,0,0
"POINT (9.593539294000040 52.415324987000098)",Unfall 164805 (2022) Kat:3, Licht: 0,164805,3,7,2,12,13,7,,0,0,1,0,0
"POINT (9.733485843000039 52.322488434000000)",Unfall 164809 (2022) Kat:3, Licht: 0,164809,3,3,5,12,15,6,,0,1,1,0,0
"POINT (9.727010831000030 52.375822868000100)",Unfall 164810 (2022) Kat:3, Licht: 2,164810,3,3,5,11,19,2,,2,1,1,0,0
"POINT (9.596223476000031 52.308244629999997)",Unfall 164812 (2022) Kat:3, Licht: 0,164812,3,5,1,12,14,4,,0,0,1,0,0
"POINT (9.716378946000081 52.370417977999999)",Unfall 164813 (2022) Kat:3, Licht: 0,164813,3,5,1,11,10,2,,0,0,1,0,0
"POINT (9.769083193000030 52.377757537999997)",Unfall 164818 (2022) Kat:3, Licht: 2,164818,3,6,2,11,19,7,,2,0,1,0,0
"POINT (9.794999168000061 52.318173989000101)",Unfall 164822 (2022) Kat:3, Licht: 0,164822,3,3,5,11,12,6,,0,0,1,0,1
"POINT (9.687567879000030 52.379597812999997)",Unfall 164839 (2022) Kat:3, Licht: 0,164839,3,1,8,12,08,2,,0,0,1,0,0
"POINT (9.734803634000061 52.380132975000002)",Unfall 164853 (2022) Kat:3, Licht: 0,164853,3,6,2,12,12,5,,0,0,1,0,0
"POINT (9.442669359000041 52.426256608000102)",Unfall 164864 (2022) Kat:3, Licht: 2,164864,3,7,8,12,21,5,,2,1,0,0,0
"POINT (9.763013378000039 52.360522823000103)",Unfall 164909 (2022) Kat:3, Licht: 2,164909,3,6,3,12,19,3,,2,1,1,0,0
"POINT (9.725005584000030 52.387468153999997)",Unfall 164926 (2022) Kat:3, Licht: 2,164926,3,3,5,12,20,6,,2,1,1,0,0
"POINT (9.733457873000081 52.398959349999998)",Unfall 164996 (2022) Kat:3, Licht: 2,164996,3,4,0,12,18,3,,2,0,0,1,0
"POINT (10.067061375000000 52.395140503999997)",Unfall 165044 (2022) Kat:3, Licht: 0,165044,3,2,2,12,12,6,,0,1,0,0,0
"POINT (9.834626021000080 52.339891947000098)",Unfall 165178 (2022) Kat:3, Licht: 0,165178,3,5,1,12,10,4,,0,0,1,0,1
"POINT (9.739239706000030 52.379592650000099)",Unfall 165309 (2022) Kat:3, Licht: 0,165309,3,7,0,12,12,7,,0,0,1,0,0
"POINT (9.736931383000069 52.370352074000003)",Unfall 165410 (2022) Kat:3, Licht: 2,165410,3,7,0,12,23,6,,2,1,0,0,0
"POINT (9.727343618000081 52.377598360000000)",Unfall 165421 (2022) Kat:3, Licht: 2,165421,3,7,0,12,17,4,,2,1,1,0,0
"POINT (9.962129841000030 52.375154739000003)",Unfall 165482 (2022) Kat:3, Licht: 2,165482,3,5,1,12,21,5,,2,1,1,0,0
"POINT (9.765340702000060 52.263822956000098)",Unfall 165500 (2022) Kat:3, Licht: 0,165500,3,6,2,12,11,7,,0,0,1,0,0
"POINT (9.670640692000060 52.358422883000102)",Unfall 165964 (2022) Kat:3, Licht: 0,165964,3,7,0,12,11,6,,0,1,0,0,0
"POINT (9.733822220000039 52.399050089000099)",Unfall 166004 (2022) Kat:3, Licht: 1,166004,3,2,5,12,07,5,,1,1,1,0,0
"POINT (9.766196343000050 52.381972685000100)",Unfall 166080 (2022) Kat:3, Licht: 2,166080,3,2,5,12,22,7,,2,0,1,0,0